alumni_id,first_job_title,skills,note
TEST_AI_ML_Engineer_00,AI/ML Engineer,"[{""name"": ""TensorFlow"", ""level"": ""Intermediate""}, {""name"": ""Rust"", ""level"": ""Intermediate""}, {""name"": ""PyTorch"", ""level"": ""Beginner""}, {""name"": ""Docker"", ""level"": ""Beginner""}, {""name"": ""Problem Solving"", ""level"": ""Beginner""}, {""name"": ""Reinforcement Learning"", ""level"": ""Beginner""}, {""name"": ""GCP (BigQuery, GKE)"", ""level"": ""Beginner""}, {""name"": ""Hugging Face Transformers"", ""level"": ""Intermediate""}, {""name"": ""Economic Forecasting"", ""level"": ""Beginner""}, {""name"": ""LangChain"", ""level"": ""Advanced""}, {""name"": ""Kubernetes"", ""level"": ""Intermediate""}, {""name"": ""Machine Learning"", ""level"": ""Advanced""}, {""name"": ""Python"", ""level"": ""Intermediate""}, {""name"": ""Model Deployment (MLOps)"", ""level"": ""Intermediate""}, {""name"": ""AWS (EC2, S3, Lambda)"", ""level"": ""Intermediate""}]","coverage=70%, noise=2"
TEST_AI_ML_Engineer_01,AI/ML Engineer,"[{""name"": ""LangChain"", ""level"": ""Intermediate""}, {""name"": ""AWS (EC2, S3, Lambda)"", ""level"": ""Intermediate""}, {""name"": ""Problem Solving"", ""level"": ""Beginner""}, {""name"": ""Machine Learning"", ""level"": ""Intermediate""}, {""name"": ""PyTorch"", ""level"": ""Intermediate""}, {""name"": ""Python"", ""level"": ""Intermediate""}, {""name"": ""German"", ""level"": ""Beginner""}, {""name"": ""GCP (BigQuery, GKE)"", ""level"": ""Beginner""}, {""name"": ""Computer System Security"", ""level"": ""Intermediate""}, {""name"": ""Model Deployment (MLOps)"", ""level"": ""Intermediate""}, {""name"": ""Reinforcement Learning"", ""level"": ""Beginner""}, {""name"": ""Deep Learning"", ""level"": ""Beginner""}, {""name"": ""Docker"", ""level"": ""Beginner""}, {""name"": ""Keras"", ""level"": ""Intermediate""}, {""name"": ""Feature Engineering"", ""level"": ""Advanced""}]","coverage=75%, noise=1"
TEST_AI_ML_Engineer_02,AI/ML Engineer,"[{""name"": ""Computer Vision"", ""level"": ""Intermediate""}, {""name"": ""Hugging Face Transformers"", ""level"": ""Intermediate""}, {""name"": ""TensorFlow"", ""level"": ""Intermediate""}, {""name"": ""Docker"", ""level"": ""Intermediate""}, {""name"": ""Reinforcement Learning"", ""level"": ""Beginner""}, {""name"": ""AWS (EC2, S3, Lambda)"", ""level"": ""Intermediate""}, {""name"": ""Model Deployment (MLOps)"", ""level"": ""Intermediate""}, {""name"": ""German"", ""level"": ""Beginner""}, {""name"": ""Python"", ""level"": ""Intermediate""}, {""name"": ""GCP (BigQuery, GKE)"", ""level"": ""Beginner""}, {""name"": ""Kubernetes"", ""level"": ""Intermediate""}, {""name"": ""Problem Solving"", ""level"": ""Beginner""}]","coverage=67%, noise=0"
TEST_AI_ML_Engineer_03,AI/ML Engineer,"[{""name"": ""Reinforcement Learning"", ""level"": ""Beginner""}, {""name"": ""Tax Planning"", ""level"": ""Advanced""}, {""name"": ""Deep Learning"", ""level"": ""Intermediate""}, {""name"": ""AWS (EC2, S3, Lambda)"", ""level"": ""Beginner""}, {""name"": ""Natural Language Processing"", ""level"": ""Beginner""}, {""name"": ""PyTorch"", ""level"": ""Beginner""}, {""name"": ""Docker"", ""level"": ""Beginner""}, {""name"": ""GCP (BigQuery, GKE)"", ""level"": ""Intermediate""}, {""name"": ""Problem Solving"", ""level"": ""Beginner""}, {""name"": ""Data Structures & Algorithms"", ""level"": ""Advanced""}, {""name"": ""Model Deployment (MLOps)"", ""level"": ""Intermediate""}, {""name"": ""Kubernetes"", ""level"": ""Beginner""}, {""name"": ""German"", ""level"": ""Beginner""}, {""name"": ""Python"", ""level"": ""Intermediate""}]","coverage=65%, noise=2"
TEST_AI_ML_Engineer_04,AI/ML Engineer,"[{""name"": ""GCP (BigQuery, GKE)"", ""level"": ""Intermediate""}, {""name"": ""Statistical Modeling"", ""level"": ""Intermediate""}, {""name"": ""PyTorch"", ""level"": ""Beginner""}, {""name"": ""Computer Vision"", ""level"": ""Beginner""}, {""name"": ""Natural Language Processing"", ""level"": ""Beginner""}, {""name"": ""Problem Solving"", ""level"": ""Intermediate""}, {""name"": ""Machine Learning"", ""level"": ""Intermediate""}, {""name"": ""Deep Learning"", ""level"": ""Beginner""}, {""name"": ""Docker"", ""level"": ""Beginner""}, {""name"": ""Keras"", ""level"": ""Intermediate""}, {""name"": ""Model Deployment (MLOps)"", ""level"": ""Beginner""}, {""name"": ""Python"", ""level"": ""Intermediate""}, {""name"": ""German"", ""level"": ""Intermediate""}, {""name"": ""Feature Engineering"", ""level"": ""Intermediate""}, {""name"": ""TensorFlow"", ""level"": ""Intermediate""}, {""name"": ""Hardhat / Foundry"", ""level"": ""Beginner""}, {""name"": ""Reinforcement Learning"", ""level"": ""Intermediate""}]","coverage=80%, noise=2"
TEST_AI_ML_Engineer_05,AI/ML Engineer,"[{""name"": ""Deep Learning"", ""level"": ""Beginner""}, {""name"": ""Computer Vision"", ""level"": ""Intermediate""}, {""name"": ""AWS (EC2, S3, Lambda)"", ""level"": ""Beginner""}, {""name"": ""German"", ""level"": ""Beginner""}, {""name"": ""LangChain"", ""level"": ""Beginner""}, {""name"": ""TensorFlow"", ""level"": ""Intermediate""}, {""name"": ""Python"", ""level"": ""Advanced""}, {""name"": ""Docker"", ""level"": ""Intermediate""}, {""name"": ""PyTorch"", ""level"": ""Intermediate""}, {""name"": ""Reinforcement Learning"", ""level"": ""Beginner""}, {""name"": ""Machine Learning"", ""level"": ""Beginner""}, {""name"": ""Problem Solving"", ""level"": ""Beginner""}, {""name"": ""Kubernetes"", ""level"": ""Beginner""}]","coverage=72%, noise=0"
TEST_AI_ML_Engineer_06,AI/ML Engineer,"[{""name"": ""Keras"", ""level"": ""Intermediate""}, {""name"": ""Hugging Face Transformers"", ""level"": ""Intermediate""}, {""name"": ""Docker"", ""level"": ""Intermediate""}, {""name"": ""Payment Systems (ISO 20022, SWIFT)"", ""level"": ""Beginner""}, {""name"": ""Kubernetes"", ""level"": ""Intermediate""}, {""name"": ""Feature Engineering"", ""level"": ""Intermediate""}, {""name"": ""Deep Learning"", ""level"": ""Beginner""}, {""name"": ""Python"", ""level"": ""Intermediate""}, {""name"": ""Computer Vision"", ""level"": ""Intermediate""}, {""name"": ""Reinforcement Learning"", ""level"": ""Beginner""}, {""name"": ""Problem Solving"", ""level"": ""Beginner""}, {""name"": ""LangChain"", ""level"": ""Intermediate""}, {""name"": ""Policy Brief Writing"", ""level"": ""Advanced""}, {""name"": ""TensorFlow"", ""level"": ""Beginner""}, {""name"": ""Machine Learning"", ""level"": ""Beginner""}, {""name"": ""PyTorch"", ""level"": ""Beginner""}]","coverage=75%, noise=2"
TEST_AI_ML_Engineer_07,AI/ML Engineer,"[{""name"": ""Machine Learning"", ""level"": ""Beginner""}, {""name"": ""Computer Vision"", ""level"": ""Intermediate""}, {""name"": ""Problem Solving"", ""level"": ""Beginner""}, {""name"": ""Hugging Face Transformers"", ""level"": ""Intermediate""}, {""name"": ""Model Deployment (MLOps)"", ""level"": ""Beginner""}, {""name"": ""Feature Engineering"", ""level"": ""Advanced""}, {""name"": ""TensorFlow"", ""level"": ""Beginner""}, {""name"": ""GCP (BigQuery, GKE)"", ""level"": ""Beginner""}, {""name"": ""Python"", ""level"": ""Advanced""}, {""name"": ""Keras"", ""level"": ""Intermediate""}, {""name"": ""German"", ""level"": ""Beginner""}, {""name"": ""Natural Language Processing"", ""level"": ""Beginner""}, {""name"": ""LangChain"", ""level"": ""Beginner""}, {""name"": ""Reinforcement Learning"", ""level"": ""Beginner""}, {""name"": ""PyTorch"", ""level"": ""Intermediate""}]","coverage=82%, noise=0"
TEST_AI_ML_Engineer_08,AI/ML Engineer,"[{""name"": ""Computer Vision"", ""level"": ""Beginner""}, {""name"": ""Python"", ""level"": ""Advanced""}, {""name"": ""Machine Learning"", ""level"": ""Intermediate""}, {""name"": ""PyTorch"", ""level"": ""Intermediate""}, {""name"": ""Model Deployment (MLOps)"", ""level"": ""Intermediate""}, {""name"": ""Deep Learning"", ""level"": ""Beginner""}, {""name"": ""Problem Solving"", ""level"": ""Beginner""}, {""name"": ""Hugging Face Transformers"", ""level"": ""Intermediate""}, {""name"": ""Kubernetes"", ""level"": ""Advanced""}, {""name"": ""Docker"", ""level"": ""Intermediate""}, {""name"": ""Natural Language Processing"", ""level"": ""Beginner""}, {""name"": ""AWS (EC2, S3, Lambda)"", ""level"": ""Intermediate""}, {""name"": ""Feature Engineering"", ""level"": ""Advanced""}, {""name"": ""Reinforcement Learning"", ""level"": ""Beginner""}, {""name"": ""Keras"", ""level"": ""Beginner""}]","coverage=81%, noise=0"
TEST_AI_ML_Engineer_09,AI/ML Engineer,"[{""name"": ""Python"", ""level"": ""Beginner""}, {""name"": ""Machine Learning"", ""level"": ""Advanced""}, {""name"": ""Natural Language Processing"", ""level"": ""Beginner""}, {""name"": ""Computer Vision"", ""level"": ""Intermediate""}, {""name"": ""Deep Learning"", ""level"": ""Beginner""}, {""name"": ""Hugging Face Transformers"", ""level"": ""Intermediate""}, {""name"": ""GCP (BigQuery, GKE)"", ""level"": ""Beginner""}, {""name"": ""LangChain"", ""level"": ""Intermediate""}, {""name"": ""Model Deployment (MLOps)"", ""level"": ""Advanced""}, {""name"": ""PyTorch"", ""level"": ""Intermediate""}, {""name"": ""TensorFlow"", ""level"": ""Beginner""}, {""name"": ""German"", ""level"": ""Beginner""}]","coverage=63%, noise=0"
TEST_Backend_Engineer_00,Backend Engineer,"[{""name"": ""Java"", ""level"": ""Intermediate""}, {""name"": ""Docker"", ""level"": ""Intermediate""}, {""name"": ""Go"", ""level"": ""Beginner""}, {""name"": ""Flask"", ""level"": ""Beginner""}, {""name"": ""Django"", ""level"": ""Intermediate""}, {""name"": ""SQL"", ""level"": ""Beginner""}, {""name"": ""Apache Kafka"", ""level"": ""Intermediate""}, {""name"": ""REST API Design"", ""level"": ""Intermediate""}, {""name"": ""Node.js"", ""level"": ""Advanced""}, {""name"": ""German"", ""level"": ""Beginner""}, {""name"": ""Python"", ""level"": ""Beginner""}, {""name"": ""Redis"", ""level"": ""Beginner""}]","coverage=62%, noise=0"
TEST_Backend_Engineer_01,Backend Engineer,"[{""name"": ""Node.js"", ""level"": ""Advanced""}, {""name"": ""Django"", ""level"": ""Beginner""}, {""name"": ""Microservices Architecture"", ""level"": ""Beginner""}, {""name"": ""Python"", ""level"": ""Beginner""}, {""name"": ""Problem Solving"", ""level"": ""Beginner""}, {""name"": ""German"", ""level"": ""Beginner""}, {""name"": ""Flask"", ""level"": ""Beginner""}, {""name"": ""Git / Version Control"", ""level"": ""Beginner""}, {""name"": ""Technical Writing"", ""level"": ""Intermediate""}, {""name"": ""FastAPI"", ""level"": ""Beginner""}, {""name"": ""Redis"", ""level"": ""Beginner""}, {""name"": ""Spring Boot"", ""level"": ""Advanced""}]","coverage=61%, noise=0"
TEST_Backend_Engineer_02,Backend Engineer,"[{""name"": ""SQL"", ""level"": ""Intermediate""}, {""name"": ""Django"", ""level"": ""Beginner""}, {""name"": ""Microservices Architecture"", ""level"": ""Beginner""}, {""name"": ""Git / Version Control"", ""level"": ""Beginner""}, {""name"": ""Go"", ""level"": ""Beginner""}, {""name"": ""Spring Boot"", ""level"": ""Intermediate""}, {""name"": ""Technical Writing"", ""level"": ""Beginner""}, {""name"": ""Problem Solving"", ""level"": ""Beginner""}, {""name"": ""Apache Kafka"", ""level"": ""Intermediate""}, {""name"": ""Flask"", ""level"": ""Intermediate""}, {""name"": ""Redis"", ""level"": ""Beginner""}, {""name"": ""Python"", ""level"": ""Beginner""}, {""name"": ""Kubernetes"", ""level"": ""Beginner""}, {""name"": ""Node.js"", ""level"": ""Advanced""}, {""name"": ""TCP/IP Networking"", ""level"": ""Intermediate""}, {""name"": ""PostgreSQL"", ""level"": ""Beginner""}]","coverage=77%, noise=1"
TEST_Backend_Engineer_03,Backend Engineer,"[{""name"": ""Economic Thinking"", ""level"": ""Beginner""}, {""name"": ""Apache Kafka"", ""level"": ""Beginner""}, {""name"": ""Docker"", ""level"": ""Intermediate""}, {""name"": ""Flask"", ""level"": ""Beginner""}, {""name"": ""PostgreSQL"", ""level"": ""Beginner""}, {""name"": ""Django"", ""level"": ""Beginner""}, {""name"": ""Python"", ""level"": ""Beginner""}, {""name"": ""REST API Design"", ""level"": ""Beginner""}, {""name"": ""Problem Solving"", ""level"": ""Beginner""}, {""name"": ""Java"", ""level"": ""Intermediate""}, {""name"": ""Microservices Architecture"", ""level"": ""Beginner""}, {""name"": ""Go"", ""level"": ""Beginner""}, {""name"": ""Kubernetes"", ""level"": ""Beginner""}, {""name"": ""Git / Version Control"", ""level"": ""Beginner""}, {""name"": ""FastAPI"", ""level"": ""Beginner""}, {""name"": ""German"", ""level"": ""Beginner""}, {""name"": ""Spring Boot"", ""level"": ""Intermediate""}]","coverage=85%, noise=1"
TEST_Backend_Engineer_04,Backend Engineer,"[{""name"": ""Django"", ""level"": ""Beginner""}, {""name"": ""REST API Design"", ""level"": ""Beginner""}, {""name"": ""Flask"", ""level"": ""Beginner""}, {""name"": ""Microservices Architecture"", ""level"": ""Beginner""}, {""name"": ""Git / Version Control"", ""level"": ""Beginner""}, {""name"": ""SQL"", ""level"": ""Beginner""}, {""name"": ""Redis"", ""level"": ""Beginner""}, {""name"": ""Node.js"", ""level"": ""Intermediate""}, {""name"": ""Python"", ""level"": ""Beginner""}, {""name"": ""Problem Solving"", ""level"": ""Beginner""}, {""name"": ""Computer Graphics"", ""level"": ""Beginner""}, {""name"": ""Apache Kafka"", ""level"": ""Beginner""}, {""name"": ""PostgreSQL"", ""level"": ""Beginner""}, {""name"": ""Technical Writing"", ""level"": ""Beginner""}]","coverage=68%, noise=1"
TEST_Backend_Engineer_05,Backend Engineer,"[{""name"": ""Docker"", ""level"": ""Advanced""}, {""name"": ""SQL"", ""level"": ""Beginner""}, {""name"": ""PostgreSQL"", ""level"": ""Beginner""}, {""name"": ""Flask"", ""level"": ""Beginner""}, {""name"": ""Kubernetes"", ""level"": ""Beginner""}, {""name"": ""Django"", ""level"": ""Beginner""}, {""name"": ""Java"", ""level"": ""Intermediate""}, {""name"": ""Microservices Architecture"", ""level"": ""Beginner""}, {""name"": ""Git / Version Control"", ""level"": ""Beginner""}, {""name"": ""Problem Solving"", ""level"": ""Beginner""}, {""name"": ""Node.js"", ""level"": ""Advanced""}, {""name"": ""Redis"", ""level"": ""Beginner""}, {""name"": ""FastAPI"", ""level"": ""Intermediate""}, {""name"": ""Apache Kafka"", ""level"": ""Intermediate""}, {""name"": ""Go"", ""level"": ""Beginner""}, {""name"": ""Spring Boot"", ""level"": ""Advanced""}]","coverage=81%, noise=0"
TEST_Backend_Engineer_06,Backend Engineer,"[{""name"": ""Node.js"", ""level"": ""Advanced""}, {""name"": ""Flask"", ""level"": ""Beginner""}, {""name"": ""Docker"", ""level"": ""Intermediate""}, {""name"": ""Technical Writing"", ""level"": ""Advanced""}, {""name"": ""REST API Design"", ""level"": ""Beginner""}, {""name"": ""Microservices Architecture"", ""level"": ""Beginner""}, {""name"": ""FastAPI"", ""level"": ""Intermediate""}, {""name"": ""Git / Version Control"", ""level"": ""Beginner""}, {""name"": ""Go"", ""level"": ""Beginner""}, {""name"": ""Java"", ""level"": ""Intermediate""}, {""name"": ""Spring Boot"", ""level"": ""Advanced""}, {""name"": ""Kubernetes"", ""level"": ""Beginner""}, {""name"": ""Django"", ""level"": ""Intermediate""}, {""name"": ""Problem Solving"", ""level"": ""Beginner""}, {""name"": ""SQL"", ""level"": ""Beginner""}, {""name"": ""Redis"", ""level"": ""Beginner""}, {""name"": ""Python"", ""level"": ""Beginner""}]","coverage=85%, noise=1"
TEST_Backend_Engineer_07,Backend Engineer,"[{""name"": ""Docker"", ""level"": ""Intermediate""}, {""name"": ""SQL"", ""level"": ""Beginner""}, {""name"": ""Spring Boot"", ""level"": ""Advanced""}, {""name"": ""FastAPI"", ""level"": ""Beginner""}, {""name"": ""Django"", ""level"": ""Beginner""}, {""name"": ""REST API Design"", ""level"": ""Intermediate""}, {""name"": ""Node.js"", ""level"": ""Intermediate""}, {""name"": ""Git / Version Control"", ""level"": ""Beginner""}, {""name"": ""Java"", ""level"": ""Advanced""}, {""name"": ""PostgreSQL"", ""level"": ""Beginner""}, {""name"": ""Go"", ""level"": ""Beginner""}, {""name"": ""Problem Solving"", ""level"": ""Beginner""}, {""name"": ""Flask"", ""level"": ""Beginner""}, {""name"": ""Apache Kafka"", ""level"": ""Advanced""}, {""name"": ""Redis"", ""level"": ""Beginner""}, {""name"": ""Python"", ""level"": ""Intermediate""}]","coverage=80%, noise=0"
TEST_Backend_Engineer_08,Backend Engineer,"[{""name"": ""Problem Solving"", ""level"": ""Intermediate""}, {""name"": ""Django"", ""level"": ""Intermediate""}, {""name"": ""Redis"", ""level"": ""Beginner""}, {""name"": ""Spring Boot"", ""level"": ""Advanced""}, {""name"": ""Go"", ""level"": ""Beginner""}, {""name"": ""Python"", ""level"": ""Beginner""}, {""name"": ""German"", ""level"": ""Beginner""}, {""name"": ""Apache Kafka"", ""level"": ""Intermediate""}, {""name"": ""Flask"", ""level"": ""Intermediate""}, {""name"": ""PostgreSQL"", ""level"": ""Beginner""}, {""name"": ""Technical Writing"", ""level"": ""Beginner""}, {""name"": ""Java"", ""level"": ""Intermediate""}, {""name"": ""FastAPI"", ""level"": ""Intermediate""}, {""name"": ""Node.js"", ""level"": ""Advanced""}, {""name"": ""Microservices Architecture"", ""level"": ""Beginner""}]","coverage=77%, noise=0"
TEST_Backend_Engineer_09,Backend Engineer,"[{""name"": ""Python"", ""level"": ""Intermediate""}, {""name"": ""Technical Writing"", ""level"": ""Beginner""}, {""name"": ""Go"", ""level"": ""Beginner""}, {""name"": ""Spring Boot"", ""level"": ""Advanced""}, {""name"": ""Microservices Architecture"", ""level"": ""Intermediate""}, {""name"": ""Kubernetes"", ""level"": ""Beginner""}, {""name"": ""Game Theory"", ""level"": ""Beginner""}, {""name"": ""SQL"", ""level"": ""Beginner""}, {""name"": ""Docker"", ""level"": ""Advanced""}, {""name"": ""Node.js"", ""level"": ""Intermediate""}, {""name"": ""Problem Solving"", ""level"": ""Beginner""}, {""name"": ""Flask"", ""level"": ""Beginner""}, {""name"": ""Open Banking / API Finance"", ""level"": ""Intermediate""}, {""name"": ""Redis"", ""level"": ""Beginner""}, {""name"": ""Java"", ""level"": ""Intermediate""}, {""name"": ""Django"", ""level"": ""Beginner""}]","coverage=72%, noise=2"
TEST_Blockchain___Web3_Developer_00,Blockchain / Web3 Developer,"[{""name"": ""Ethereum / EVM"", ""level"": ""Intermediate""}, {""name"": ""Zero-Knowledge Proofs (ZKP)"", ""level"": ""Intermediate""}, {""name"": ""Rust"", ""level"": ""Advanced""}, {""name"": ""Hardhat / Foundry"", ""level"": ""Intermediate""}, {""name"": ""Git / Version Control"", ""level"": ""Beginner""}, {""name"": ""Solidity"", ""level"": ""Intermediate""}, {""name"": ""Python"", ""level"": ""Intermediate""}, {""name"": ""Problem Solving"", ""level"": ""Beginner""}, {""name"": ""Smart Contract Development"", ""level"": ""Intermediate""}, {""name"": ""IPFS / Decentralized Storage"", ""level"": ""Intermediate""}, {""name"": ""DeFi Protocols"", ""level"": ""Beginner""}, {""name"": ""Web3.js / Ethers.js"", ""level"": ""Intermediate""}, {""name"": ""Agile / Scrum Methodology"", ""level"": ""Intermediate""}]","coverage=84%, noise=0"
TEST_Blockchain___Web3_Developer_01,Blockchain / Web3 Developer,"[{""name"": ""Solidity"", ""level"": ""Intermediate""}, {""name"": ""Smart Contract Development"", ""level"": ""Intermediate""}, {""name"": ""Rust"", ""level"": ""Intermediate""}, {""name"": ""Node.js"", ""level"": ""Beginner""}, {""name"": ""Python"", ""level"": ""Beginner""}, {""name"": ""Hardhat / Foundry"", ""level"": ""Advanced""}, {""name"": ""IPFS / Decentralized Storage"", ""level"": ""Beginner""}, {""name"": ""Agile / Scrum Methodology"", ""level"": ""Beginner""}, {""name"": ""Cryptography"", ""level"": ""Beginner""}, {""name"": ""DeFi Protocols"", ""level"": ""Beginner""}, {""name"": ""Git / Version Control"", ""level"": ""Intermediate""}, {""name"": ""Zero-Knowledge Proofs (ZKP)"", ""level"": ""Intermediate""}, {""name"": ""JavaScript / TypeScript"", ""level"": ""Beginner""}]","coverage=84%, noise=0"
TEST_Blockchain___Web3_Developer_02,Blockchain / Web3 Developer,"[{""name"": ""Cryptography"", ""level"": ""Intermediate""}, {""name"": ""Variance Analysis"", ""level"": ""Advanced""}, {""name"": ""JavaScript / TypeScript"", ""level"": ""Beginner""}, {""name"": ""C/C++"", ""level"": ""Intermediate""}, {""name"": ""DeFi Protocols"", ""level"": ""Beginner""}, {""name"": ""Rust"", ""level"": ""Advanced""}, {""name"": ""Python"", ""level"": ""Beginner""}, {""name"": ""Web3.js / Ethers.js"", ""level"": ""Intermediate""}, {""name"": ""Agile / Scrum Methodology"", ""level"": ""Beginner""}, {""name"": ""IPFS / Decentralized Storage"", ""level"": ""Beginner""}, {""name"": ""Smart Contract Development"", ""level"": ""Intermediate""}, {""name"": ""Problem Solving"", ""level"": ""Beginner""}, {""name"": ""Zero-Knowledge Proofs (ZKP)"", ""level"": ""Advanced""}, {""name"": ""Node.js"", ""level"": ""Beginner""}]","coverage=78%, noise=2"
TEST_Blockchain___Web3_Developer_03,Blockchain / Web3 Developer,"[{""name"": ""DeFi Protocols"", ""level"": ""Beginner""}, {""name"": ""Hardhat / Foundry"", ""level"": ""Beginner""}, {""name"": ""Solidity"", ""level"": ""Beginner""}, {""name"": ""Statistical Modeling"", ""level"": ""Beginner""}, {""name"": ""Smart Contract Development"", ""level"": ""Intermediate""}, {""name"": ""IPFS / Decentralized Storage"", ""level"": ""Beginner""}, {""name"": ""Agile / Scrum Methodology"", ""level"": ""Beginner""}, {""name"": ""Web3.js / Ethers.js"", ""level"": ""Beginner""}, {""name"": ""Problem Solving"", ""level"": ""Beginner""}, {""name"": ""Cryptography"", ""level"": ""Beginner""}, {""name"": ""Python"", ""level"": ""Intermediate""}, {""name"": ""JavaScript / TypeScript"", ""level"": ""Beginner""}]","coverage=63%, noise=2"
TEST_Blockchain___Web3_Developer_04,Blockchain / Web3 Developer,"[{""name"": ""Agile / Scrum Methodology"", ""level"": ""Intermediate""}, {""name"": ""SLO / SLA / SLI Design"", ""level"": ""Beginner""}, {""name"": ""Ethereum / EVM"", ""level"": ""Intermediate""}, {""name"": ""Apache Kafka"", ""level"": ""Intermediate""}, {""name"": ""Solidity"", ""level"": ""Intermediate""}, {""name"": ""Cryptography"", ""level"": ""Beginner""}, {""name"": ""Git / Version Control"", ""level"": ""Beginner""}, {""name"": ""Rust"", ""level"": ""Beginner""}, {""name"": ""DeFi Protocols"", ""level"": ""Beginner""}, {""name"": ""Hardhat / Foundry"", ""level"": ""Intermediate""}, {""name"": ""Smart Contract Development"", ""level"": ""Intermediate""}, {""name"": ""Zero-Knowledge Proofs (ZKP)"", ""level"": ""Beginner""}]","coverage=66%, noise=2"
TEST_Blockchain___Web3_Developer_05,Blockchain / Web3 Developer,"[{""name"": ""Input-Output Analysis"", ""level"": ""Beginner""}, {""name"": ""Hardhat / Foundry"", ""level"": ""Advanced""}, {""name"": ""DeFi Protocols"", ""level"": ""Beginner""}, {""name"": ""Git / Version Control"", ""level"": ""Intermediate""}, {""name"": ""Rust"", ""level"": ""Intermediate""}, {""name"": ""Problem Solving"", ""level"": ""Beginner""}, {""name"": ""Smart Contract Development"", ""level"": ""Beginner""}, {""name"": ""Solidity"", ""level"": ""Intermediate""}, {""name"": ""Python"", ""level"": ""Beginner""}, {""name"": ""Cryptography"", ""level"": ""Beginner""}, {""name"": ""IPFS / Decentralized Storage"", ""level"": ""Beginner""}]","coverage=63%, noise=1"
TEST_Blockchain___Web3_Developer_06,Blockchain / Web3 Developer,"[{""name"": ""IPFS / Decentralized Storage"", ""level"": ""Beginner""}, {""name"": ""Git / Version Control"", ""level"": ""Intermediate""}, {""name"": ""Cryptography"", ""level"": ""Beginner""}, {""name"": ""Agile / Scrum Methodology"", ""level"": ""Beginner""}, {""name"": ""JavaScript / TypeScript"", ""level"": ""Beginner""}, {""name"": ""Hardhat / Foundry"", ""level"": ""Intermediate""}, {""name"": ""Node.js"", ""level"": ""Beginner""}, {""name"": ""Web3.js / Ethers.js"", ""level"": ""Beginner""}, {""name"": ""Zero-Knowledge Proofs (ZKP)"", ""level"": ""Intermediate""}, {""name"": ""Python"", ""level"": ""Intermediate""}, {""name"": ""Solidity"", ""level"": ""Intermediate""}, {""name"": ""Rust"", ""level"": ""Intermediate""}]","coverage=77%, noise=0"
TEST_Blockchain___Web3_Developer_07,Blockchain / Web3 Developer,"[{""name"": ""Agile / Scrum Methodology"", ""level"": ""Intermediate""}, {""name"": ""DeFi Protocols"", ""level"": ""Beginner""}, {""name"": ""Node.js"", ""level"": ""Beginner""}, {""name"": ""Internal Developer Platforms (IDP)"", ""level"": ""Intermediate""}, {""name"": ""Zero-Knowledge Proofs (ZKP)"", ""level"": ""Beginner""}, {""name"": ""Rust"", ""level"": ""Intermediate""}, {""name"": ""IPFS / Decentralized Storage"", ""level"": ""Beginner""}, {""name"": ""Smart Contract Development"", ""level"": ""Beginner""}, {""name"": ""Problem Solving"", ""level"": ""Beginner""}, {""name"": ""Solidity"", ""level"": ""Intermediate""}, {""name"": ""Ethereum / EVM"", ""level"": ""Intermediate""}, {""name"": ""Python"", ""level"": ""Beginner""}, {""name"": ""Web3.js / Ethers.js"", ""level"": ""Intermediate""}, {""name"": ""Negotiation"", ""level"": ""Advanced""}]","coverage=77%, noise=2"
TEST_Blockchain___Web3_Developer_08,Blockchain / Web3 Developer,"[{""name"": ""Hardhat / Foundry"", ""level"": ""Advanced""}, {""name"": ""IPFS / Decentralized Storage"", ""level"": ""Beginner""}, {""name"": ""Web3.js / Ethers.js"", ""level"": ""Intermediate""}, {""name"": ""Rust"", ""level"": ""Beginner""}, {""name"": ""Ethereum / EVM"", ""level"": ""Beginner""}, {""name"": ""Git / Version Control"", ""level"": ""Beginner""}, {""name"": ""DeFi Protocols"", ""level"": ""Beginner""}, {""name"": ""Node.js"", ""level"": ""Beginner""}, {""name"": ""JavaScript / TypeScript"", ""level"": ""Beginner""}, {""name"": ""Problem Solving"", ""level"": ""Beginner""}, {""name"": ""Zero-Knowledge Proofs (ZKP)"", ""level"": ""Intermediate""}, {""name"": ""Python"", ""level"": ""Intermediate""}]","coverage=79%, noise=0"
TEST_Blockchain___Web3_Developer_09,Blockchain / Web3 Developer,"[{""name"": ""JavaScript / TypeScript"", ""level"": ""Beginner""}, {""name"": ""Git / Version Control"", ""level"": ""Intermediate""}, {""name"": ""Node.js"", ""level"": ""Intermediate""}, {""name"": ""Hardhat / Foundry"", ""level"": ""Intermediate""}, {""name"": ""Problem Solving"", ""level"": ""Beginner""}, {""name"": ""Agile / Scrum Methodology"", ""level"": ""Intermediate""}, {""name"": ""Web3.js / Ethers.js"", ""level"": ""Beginner""}, {""name"": ""Python"", ""level"": ""Intermediate""}, {""name"": ""Wireless Networks"", ""level"": ""Advanced""}, {""name"": ""Cryptography"", ""level"": ""Beginner""}, {""name"": ""DeFi Protocols"", ""level"": ""Beginner""}, {""name"": ""Ethereum / EVM"", ""level"": ""Intermediate""}, {""name"": ""IPFS / Decentralized Storage"", ""level"": ""Beginner""}]","coverage=76%, noise=1"
TEST_Cloud_Architect_00,Cloud Architect,"[{""name"": ""Network Security"", ""level"": ""Intermediate""}, {""name"": ""Technical Writing"", ""level"": ""Intermediate""}, {""name"": ""Microservices Architecture"", ""level"": ""Intermediate""}, {""name"": ""CI/CD Pipelines"", ""level"": ""Beginner""}, {""name"": ""Linux System Admin"", ""level"": ""Beginner""}, {""name"": ""Python"", ""level"": ""Intermediate""}, {""name"": ""Azure (AKS, Functions)"", ""level"": ""Intermediate""}, {""name"": ""Parallel and Distributed Computing Systems"", ""level"": ""Beginner""}, {""name"": ""Kubernetes"", ""level"": ""Intermediate""}, {""name"": ""Terraform"", ""level"": ""Intermediate""}, {""name"": ""Leadership"", ""level"": ""Intermediate""}, {""name"": ""Go"", ""level"": ""Advanced""}]","coverage=78%, noise=0"
TEST_Cloud_Architect_01,Cloud Architect,"[{""name"": ""Report Writing"", ""level"": ""Intermediate""}, {""name"": ""Kubernetes"", ""level"": ""Intermediate""}, {""name"": ""Equity Research"", ""level"": ""Advanced""}, {""name"": ""Technical Writing"", ""level"": ""Intermediate""}, {""name"": ""Python"", ""level"": ""Intermediate""}, {""name"": ""Azure (AKS, Functions)"", ""level"": ""Intermediate""}, {""name"": ""CI/CD Pipelines"", ""level"": ""Beginner""}, {""name"": ""Linux System Admin"", ""level"": ""Beginner""}, {""name"": ""Parallel and Distributed Computing Systems"", ""level"": ""Beginner""}, {""name"": ""Leadership"", ""level"": ""Intermediate""}, {""name"": ""Docker"", ""level"": ""Intermediate""}, {""name"": ""Network Security"", ""level"": ""Advanced""}, {""name"": ""AWS (EC2, S3, Lambda)"", ""level"": ""Intermediate""}]","coverage=73%, noise=2"
TEST_Cloud_Architect_02,Cloud Architect,"[{""name"": ""Python"", ""level"": ""Beginner""}, {""name"": ""Communication"", ""level"": ""Advanced""}, {""name"": ""Parallel and Distributed Computing Systems"", ""level"": ""Intermediate""}, {""name"": ""Go"", ""level"": ""Intermediate""}, {""name"": ""AWS (EC2, S3, Lambda)"", ""level"": ""Intermediate""}, {""name"": ""Scala"", ""level"": ""Intermediate""}, {""name"": ""Azure (AKS, Functions)"", ""level"": ""Intermediate""}, {""name"": ""Leadership"", ""level"": ""Beginner""}, {""name"": ""Data Engineering"", ""level"": ""Advanced""}, {""name"": ""GCP (BigQuery, GKE)"", ""level"": ""Beginner""}, {""name"": ""Linux System Admin"", ""level"": ""Beginner""}, {""name"": ""CI/CD Pipelines"", ""level"": ""Beginner""}]","coverage=66%, noise=2"
TEST_Cloud_Architect_03,Cloud Architect,"[{""name"": ""Kubernetes"", ""level"": ""Intermediate""}, {""name"": ""CI/CD Pipelines"", ""level"": ""Beginner""}, {""name"": ""Microservices Architecture"", ""level"": ""Intermediate""}, {""name"": ""Network Security"", ""level"": ""Advanced""}, {""name"": ""Introduction to Robotics"", ""level"": ""Intermediate""}, {""name"": ""Azure (AKS, Functions)"", ""level"": ""Beginner""}, {""name"": ""Technical Writing"", ""level"": ""Intermediate""}, {""name"": ""GCP (BigQuery, GKE)"", ""level"": ""Beginner""}, {""name"": ""Communication"", ""level"": ""Intermediate""}, {""name"": ""Leadership"", ""level"": ""Beginner""}, {""name"": ""AWS (EC2, S3, Lambda)"", ""level"": ""Intermediate""}, {""name"": ""Parallel and Distributed Computing Systems"", ""level"": ""Beginner""}, {""name"": ""Operations Research for Economic Applications"", ""level"": ""Advanced""}, {""name"": ""Docker"", ""level"": ""Intermediate""}, {""name"": ""Terraform"", ""level"": ""Intermediate""}]","coverage=83%, noise=2"
TEST_Cloud_Architect_04,Cloud Architect,"[{""name"": ""Parallel and Distributed Computing Systems"", ""level"": ""Beginner""}, {""name"": ""Microservices Architecture"", ""level"": ""Intermediate""}, {""name"": ""Terraform"", ""level"": ""Beginner""}, {""name"": ""Communication"", ""level"": ""Intermediate""}, {""name"": ""Leadership"", ""level"": ""Intermediate""}, {""name"": ""AWS (EC2, S3, Lambda)"", ""level"": ""Intermediate""}, {""name"": ""GCP (BigQuery, GKE)"", ""level"": ""Beginner""}, {""name"": ""CI/CD Pipelines"", ""level"": ""Beginner""}, {""name"": ""Kubernetes"", ""level"": ""Intermediate""}, {""name"": ""Python"", ""level"": ""Beginner""}, {""name"": ""Go"", ""level"": ""Intermediate""}]","coverage=70%, noise=0"
TEST_Cloud_Architect_05,Cloud Architect,"[{""name"": ""Technical Writing"", ""level"": ""Intermediate""}, {""name"": ""Go"", ""level"": ""Intermediate""}, {""name"": ""Terraform"", ""level"": ""Beginner""}, {""name"": ""Kubernetes"", ""level"": ""Intermediate""}, {""name"": ""Network Security"", ""level"": ""Advanced""}, {""name"": ""Docker"", ""level"": ""Intermediate""}, {""name"": ""Linux System Admin"", ""level"": ""Beginner""}, {""name"": ""Azure (AKS, Functions)"", ""level"": ""Advanced""}, {""name"": ""GCP (BigQuery, GKE)"", ""level"": ""Beginner""}, {""name"": ""CI/CD Pipelines"", ""level"": ""Beginner""}, {""name"": ""Leadership"", ""level"": ""Intermediate""}, {""name"": ""Parallel and Distributed Computing Systems"", ""level"": ""Beginner""}]","coverage=80%, noise=0"
TEST_Cloud_Architect_06,Cloud Architect,"[{""name"": ""Leadership"", ""level"": ""Beginner""}, {""name"": ""Docker"", ""level"": ""Intermediate""}, {""name"": ""Parallel and Distributed Computing Systems"", ""level"": ""Beginner""}, {""name"": ""Kubernetes"", ""level"": ""Intermediate""}, {""name"": ""Network Security"", ""level"": ""Intermediate""}, {""name"": ""Economics of Money and Banking"", ""level"": ""Intermediate""}, {""name"": ""Communication"", ""level"": ""Advanced""}, {""name"": ""Python"", ""level"": ""Intermediate""}, {""name"": ""Technical Writing"", ""level"": ""Beginner""}, {""name"": ""Linux System Admin"", ""level"": ""Intermediate""}, {""name"": ""GCP (BigQuery, GKE)"", ""level"": ""Beginner""}]","coverage=68%, noise=1"
TEST_Cloud_Architect_07,Cloud Architect,"[{""name"": ""Go"", ""level"": ""Intermediate""}, {""name"": ""Docker"", ""level"": ""Intermediate""}, {""name"": ""AWS (EC2, S3, Lambda)"", ""level"": ""Intermediate""}, {""name"": ""Network Security"", ""level"": ""Advanced""}, {""name"": ""Terraform"", ""level"": ""Intermediate""}, {""name"": ""Technical Writing"", ""level"": ""Beginner""}, {""name"": ""R (ggplot2, dplyr, tidyr)"", ""level"": ""Advanced""}, {""name"": ""Linux System Admin"", ""level"": ""Beginner""}, {""name"": ""Kubernetes"", ""level"": ""Beginner""}, {""name"": ""Parallel and Distributed Computing Systems"", ""level"": ""Intermediate""}, {""name"": ""CI/CD Pipelines"", ""level"": ""Intermediate""}, {""name"": ""Leadership"", ""level"": ""Intermediate""}, {""name"": ""Azure (AKS, Functions)"", ""level"": ""Intermediate""}, {""name"": ""Microservices Architecture"", ""level"": ""Intermediate""}]","coverage=82%, noise=1"
TEST_Cloud_Architect_08,Cloud Architect,"[{""name"": ""GCP (BigQuery, GKE)"", ""level"": ""Beginner""}, {""name"": ""Technical Writing"", ""level"": ""Beginner""}, {""name"": ""Microservices Architecture"", ""level"": ""Beginner""}, {""name"": ""Unreal Engine"", ""level"": ""Advanced""}, {""name"": ""Linux System Admin"", ""level"": ""Beginner""}, {""name"": ""Cross-cultural Communication"", ""level"": ""Beginner""}, {""name"": ""Terraform"", ""level"": ""Intermediate""}, {""name"": ""Communication"", ""level"": ""Advanced""}, {""name"": ""Kubernetes"", ""level"": ""Intermediate""}, {""name"": ""AWS (EC2, S3, Lambda)"", ""level"": ""Intermediate""}, {""name"": ""Parallel and Distributed Computing Systems"", ""level"": ""Intermediate""}, {""name"": ""Go"", ""level"": ""Intermediate""}, {""name"": ""CI/CD Pipelines"", ""level"": ""Beginner""}, {""name"": ""Network Security"", ""level"": ""Advanced""}]","coverage=78%, noise=2"
TEST_Cloud_Architect_09,Cloud Architect,"[{""name"": ""Terraform"", ""level"": ""Intermediate""}, {""name"": ""Azure (AKS, Functions)"", ""level"": ""Intermediate""}, {""name"": ""Microservices Architecture"", ""level"": ""Advanced""}, {""name"": ""Kubernetes"", ""level"": ""Beginner""}, {""name"": ""Parallel and Distributed Computing Systems"", ""level"": ""Beginner""}, {""name"": ""Go"", ""level"": ""Intermediate""}, {""name"": ""Leadership"", ""level"": ""Intermediate""}, {""name"": ""Communication"", ""level"": ""Advanced""}, {""name"": ""GCP (BigQuery, GKE)"", ""level"": ""Beginner""}, {""name"": ""Network Security"", ""level"": ""Advanced""}, {""name"": ""Technical Writing"", ""level"": ""Intermediate""}]","coverage=71%, noise=0"
TEST_Cybersecurity_Engineer_00,Cybersecurity Engineer,"[{""name"": ""SIEM Tools"", ""level"": ""Beginner""}, {""name"": ""Computer System Security"", ""level"": ""Intermediate""}, {""name"": ""Incident Response"", ""level"": ""Beginner""}, {""name"": ""TCP/IP Networking"", ""level"": ""Intermediate""}, {""name"": ""Vulnerability Assessment"", ""level"": ""Beginner""}, {""name"": ""Python"", ""level"": ""Intermediate""}, {""name"": ""OWASP Top 10"", ""level"": ""Advanced""}, {""name"": ""Problem Solving"", ""level"": ""Beginner""}, {""name"": ""Cryptography"", ""level"": ""Intermediate""}, {""name"": ""Bash/Shell Scripting"", ""level"": ""Intermediate""}, {""name"": ""Cloud Security"", ""level"": ""Beginner""}]","coverage=75%, noise=0"
TEST_Cybersecurity_Engineer_01,Cybersecurity Engineer,"[{""name"": ""Vulnerability Assessment"", ""level"": ""Beginner""}, {""name"": ""TCP/IP Networking"", ""level"": ""Beginner""}, {""name"": ""FastAPI"", ""level"": ""Intermediate""}, {""name"": ""Incident Response"", ""level"": ""Intermediate""}, {""name"": ""Cloud Security"", ""level"": ""Beginner""}, {""name"": ""SIEM Tools"", ""level"": ""Intermediate""}, {""name"": ""Python"", ""level"": ""Intermediate""}, {""name"": ""Cryptography"", ""level"": ""Beginner""}, {""name"": ""Technical Writing"", ""level"": ""Advanced""}, {""name"": ""Docker"", ""level"": ""Beginner""}, {""name"": ""Penetration Testing"", ""level"": ""Intermediate""}, {""name"": ""Linux System Admin"", ""level"": ""Beginner""}]","coverage=70%, noise=1"
TEST_Cybersecurity_Engineer_02,Cybersecurity Engineer,"[{""name"": ""Cloud Security"", ""level"": ""Beginner""}, {""name"": ""Vulnerability Assessment"", ""level"": ""Intermediate""}, {""name"": ""Python"", ""level"": ""Intermediate""}, {""name"": ""Computer System Security"", ""level"": ""Intermediate""}, {""name"": ""TCP/IP Networking"", ""level"": ""Intermediate""}, {""name"": ""OWASP Top 10"", ""level"": ""Advanced""}, {""name"": ""Linux System Admin"", ""level"": ""Beginner""}, {""name"": ""Incident Response"", ""level"": ""Intermediate""}, {""name"": ""Network Security"", ""level"": ""Intermediate""}, {""name"": ""SIEM Tools"", ""level"": ""Intermediate""}]","coverage=64%, noise=0"
TEST_Cybersecurity_Engineer_03,Cybersecurity Engineer,"[{""name"": ""Vulnerability Assessment"", ""level"": ""Beginner""}, {""name"": ""French"", ""level"": ""Beginner""}, {""name"": ""SIEM Tools"", ""level"": ""Intermediate""}, {""name"": ""TCP/IP Networking"", ""level"": ""Intermediate""}, {""name"": ""Cryptography"", ""level"": ""Intermediate""}, {""name"": ""Feature Engineering"", ""level"": ""Intermediate""}, {""name"": ""Incident Response"", ""level"": ""Intermediate""}, {""name"": ""Python"", ""level"": ""Beginner""}, {""name"": ""Bash/Shell Scripting"", ""level"": ""Advanced""}, {""name"": ""Linux System Admin"", ""level"": ""Beginner""}, {""name"": ""Docker"", ""level"": ""Beginner""}, {""name"": ""Cloud Security"", ""level"": ""Beginner""}]","coverage=64%, noise=2"
TEST_Cybersecurity_Engineer_04,Cybersecurity Engineer,"[{""name"": ""Cloud Security"", ""level"": ""Beginner""}, {""name"": ""Bash/Shell Scripting"", ""level"": ""Intermediate""}, {""name"": ""Penetration Testing"", ""level"": ""Intermediate""}, {""name"": ""Unity 3D"", ""level"": ""Advanced""}, {""name"": ""Incident Response"", ""level"": ""Intermediate""}, {""name"": ""SIEM Tools"", ""level"": ""Intermediate""}, {""name"": ""Problem Solving"", ""level"": ""Intermediate""}, {""name"": ""Linux System Admin"", ""level"": ""Beginner""}, {""name"": ""Technical Writing"", ""level"": ""Advanced""}, {""name"": ""Network Security"", ""level"": ""Intermediate""}, {""name"": ""TCP/IP Networking"", ""level"": ""Advanced""}, {""name"": ""Computer System Security"", ""level"": ""Beginner""}, {""name"": ""Python"", ""level"": ""Beginner""}, {""name"": ""Cryptography"", ""level"": ""Intermediate""}]","coverage=81%, noise=1"
TEST_Cybersecurity_Engineer_05,Cybersecurity Engineer,"[{""name"": ""Problem Solving"", ""level"": ""Intermediate""}, {""name"": ""Network Security"", ""level"": ""Beginner""}, {""name"": ""OWASP Top 10"", ""level"": ""Advanced""}, {""name"": ""Bash/Shell Scripting"", ""level"": ""Intermediate""}, {""name"": ""Statistical Modeling"", ""level"": ""Advanced""}, {""name"": ""Vulnerability Assessment"", ""level"": ""Beginner""}, {""name"": ""TCP/IP Networking"", ""level"": ""Beginner""}, {""name"": ""SIEM Tools"", ""level"": ""Intermediate""}, {""name"": ""Docker"", ""level"": ""Beginner""}, {""name"": ""Python"", ""level"": ""Intermediate""}, {""name"": ""Penetration Testing"", ""level"": ""Intermediate""}, {""name"": ""Cloud Security"", ""level"": ""Beginner""}]","coverage=73%, noise=1"
TEST_Cybersecurity_Engineer_06,Cybersecurity Engineer,"[{""name"": ""Linux System Admin"", ""level"": ""Beginner""}, {""name"": ""Docker"", ""level"": ""Beginner""}, {""name"": ""Python"", ""level"": ""Beginner""}, {""name"": ""Computer System Security"", ""level"": ""Advanced""}, {""name"": ""Cloud Security"", ""level"": ""Beginner""}, {""name"": ""TCP/IP Networking"", ""level"": ""Beginner""}, {""name"": ""Penetration Testing"", ""level"": ""Beginner""}, {""name"": ""Unit Testing"", ""level"": ""Advanced""}, {""name"": ""Technical Writing"", ""level"": ""Advanced""}, {""name"": ""SIEM Tools"", ""level"": ""Intermediate""}, {""name"": ""Problem Solving"", ""level"": ""Beginner""}, {""name"": ""OWASP Top 10"", ""level"": ""Intermediate""}, {""name"": ""Cryptography"", ""level"": ""Intermediate""}, {""name"": ""Bash/Shell Scripting"", ""level"": ""Intermediate""}]","coverage=83%, noise=1"
TEST_Cybersecurity_Engineer_07,Cybersecurity Engineer,"[{""name"": ""SIEM Tools"", ""level"": ""Intermediate""}, {""name"": ""Cloud Security"", ""level"": ""Intermediate""}, {""name"": ""Vulnerability Assessment"", ""level"": ""Intermediate""}, {""name"": ""Bash/Shell Scripting"", ""level"": ""Beginner""}, {""name"": ""Linux System Admin"", ""level"": ""Beginner""}, {""name"": ""Python"", ""level"": ""Intermediate""}, {""name"": ""OWASP Top 10"", ""level"": ""Advanced""}, {""name"": ""Penetration Testing"", ""level"": ""Intermediate""}, {""name"": ""Network Security"", ""level"": ""Intermediate""}, {""name"": ""Incident Response"", ""level"": ""Intermediate""}, {""name"": ""Cryptography"", ""level"": ""Beginner""}]","coverage=64%, noise=1"
TEST_Cybersecurity_Engineer_08,Cybersecurity Engineer,"[{""name"": ""Computer System Security"", ""level"": ""Intermediate""}, {""name"": ""Technical Writing"", ""level"": ""Intermediate""}, {""name"": ""SIEM Tools"", ""level"": ""Intermediate""}, {""name"": ""Python"", ""level"": ""Beginner""}, {""name"": ""Cryptography"", ""level"": ""Intermediate""}, {""name"": ""Vulnerability Assessment"", ""level"": ""Intermediate""}, {""name"": ""Cloud Security"", ""level"": ""Beginner""}, {""name"": ""Incident Response"", ""level"": ""Intermediate""}, {""name"": ""Penetration Testing"", ""level"": ""Beginner""}, {""name"": ""Network Security"", ""level"": ""Intermediate""}, {""name"": ""Problem Solving"", ""level"": ""Beginner""}, {""name"": ""Bash/Shell Scripting"", ""level"": ""Beginner""}]","coverage=75%, noise=0"
TEST_Cybersecurity_Engineer_09,Cybersecurity Engineer,"[{""name"": ""Bash/Shell Scripting"", ""level"": ""Beginner""}, {""name"": ""SIEM Tools"", ""level"": ""Intermediate""}, {""name"": ""Linux System Admin"", ""level"": ""Intermediate""}, {""name"": ""Network Security"", ""level"": ""Intermediate""}, {""name"": ""ROS (Robot Operating System)"", ""level"": ""Beginner""}, {""name"": ""Technical Writing"", ""level"": ""Advanced""}, {""name"": ""TCP/IP Networking"", ""level"": ""Intermediate""}, {""name"": ""Docker"", ""level"": ""Beginner""}, {""name"": ""OWASP Top 10"", ""level"": ""Advanced""}, {""name"": ""Penetration Testing"", ""level"": ""Beginner""}, {""name"": ""Shader Programming"", ""level"": ""Intermediate""}, {""name"": ""Computer System Security"", ""level"": ""Beginner""}, {""name"": ""Incident Response"", ""level"": ""Beginner""}, {""name"": ""Python"", ""level"": ""Beginner""}]","coverage=81%, noise=2"
TEST_Data_Scientist_00,Data Scientist,"[{""name"": ""Apache Spark"", ""level"": ""Beginner""}, {""name"": ""ESG Reporting Frameworks (GRI, TCFD, ISSB)"", ""level"": ""Beginner""}, {""name"": ""R"", ""level"": ""Beginner""}, {""name"": ""Scikit-learn"", ""level"": ""Beginner""}, {""name"": ""Jupyter Notebook"", ""level"": ""Intermediate""}, {""name"": ""SLO / SLA / SLI Design"", ""level"": ""Advanced""}, {""name"": ""Tableau"", ""level"": ""Beginner""}, {""name"": ""dbt (Data Build Tool)"", ""level"": ""Advanced""}, {""name"": ""Communication"", ""level"": ""Beginner""}, {""name"": ""TensorFlow"", ""level"": ""Intermediate""}, {""name"": ""Machine Learning"", ""level"": ""Beginner""}, {""name"": ""A/B Testing"", ""level"": ""Beginner""}, {""name"": ""Pandas / NumPy"", ""level"": ""Beginner""}]","coverage=62%, noise=2"
TEST_Data_Scientist_01,Data Scientist,"[{""name"": ""Python"", ""level"": ""Advanced""}, {""name"": ""Tableau"", ""level"": ""Intermediate""}, {""name"": ""Pandas / NumPy"", ""level"": ""Beginner""}, {""name"": ""TensorFlow"", ""level"": ""Beginner""}, {""name"": ""SQL"", ""level"": ""Beginner""}, {""name"": ""Feature Engineering"", ""level"": ""Intermediate""}, {""name"": ""Data Visualization"", ""level"": ""Beginner""}, {""name"": ""dbt (Data Build Tool)"", ""level"": ""Advanced""}, {""name"": ""Airflow"", ""level"": ""Advanced""}, {""name"": ""Problem Solving"", ""level"": ""Intermediate""}, {""name"": ""Machine Learning"", ""level"": ""Beginner""}, {""name"": ""Statistical Modeling"", ""level"": ""Intermediate""}]","coverage=67%, noise=0"
TEST_Data_Scientist_02,Data Scientist,"[{""name"": ""Airflow"", ""level"": ""Advanced""}, {""name"": ""Apache Spark"", ""level"": ""Beginner""}, {""name"": ""PyTorch"", ""level"": ""Beginner""}, {""name"": ""Feature Engineering"", ""level"": ""Intermediate""}, {""name"": ""Time Series Analysis"", ""level"": ""Advanced""}, {""name"": ""SQL"", ""level"": ""Beginner""}, {""name"": ""Machine Learning"", ""level"": ""Intermediate""}, {""name"": ""Scikit-learn"", ""level"": ""Beginner""}, {""name"": ""Problem Solving"", ""level"": ""Beginner""}, {""name"": ""Statistical Modeling"", ""level"": ""Beginner""}, {""name"": ""dbt (Data Build Tool)"", ""level"": ""Intermediate""}, {""name"": ""Jupyter Notebook"", ""level"": ""Beginner""}, {""name"": ""Pandas / NumPy"", ""level"": ""Beginner""}, {""name"": ""Communication"", ""level"": ""Beginner""}, {""name"": ""Economic Forecasting"", ""level"": ""Beginner""}, {""name"": ""Data Visualization"", ""level"": ""Beginner""}, {""name"": ""TensorFlow"", ""level"": ""Intermediate""}]","coverage=84%, noise=2"
TEST_Data_Scientist_03,Data Scientist,"[{""name"": ""Apache Spark"", ""level"": ""Intermediate""}, {""name"": ""Jupyter Notebook"", ""level"": ""Intermediate""}, {""name"": ""Feature Engineering"", ""level"": ""Beginner""}, {""name"": ""A/B Testing"", ""level"": ""Intermediate""}, {""name"": ""Problem Solving"", ""level"": ""Intermediate""}, {""name"": ""Pandas / NumPy"", ""level"": ""Beginner""}, {""name"": ""dbt (Data Build Tool)"", ""level"": ""Advanced""}, {""name"": ""TensorFlow"", ""level"": ""Advanced""}, {""name"": ""Tableau"", ""level"": ""Beginner""}, {""name"": ""Scikit-learn"", ""level"": ""Beginner""}, {""name"": ""Communication"", ""level"": ""Beginner""}, {""name"": ""SQL"", ""level"": ""Beginner""}, {""name"": ""Statistical Modeling"", ""level"": ""Beginner""}, {""name"": ""R"", ""level"": ""Intermediate""}]","coverage=77%, noise=0"
TEST_Data_Scientist_04,Data Scientist,"[{""name"": ""dbt (Data Build Tool)"", ""level"": ""Intermediate""}, {""name"": ""DeFi Protocol Analysis"", ""level"": ""Intermediate""}, {""name"": ""A/B Testing"", ""level"": ""Beginner""}, {""name"": ""Tableau"", ""level"": ""Beginner""}, {""name"": ""Apache Spark"", ""level"": ""Intermediate""}, {""name"": ""Feature Engineering"", ""level"": ""Intermediate""}, {""name"": ""Problem Solving"", ""level"": ""Intermediate""}, {""name"": ""Negotiation"", ""level"": ""Intermediate""}, {""name"": ""R"", ""level"": ""Intermediate""}, {""name"": ""Airflow"", ""level"": ""Advanced""}, {""name"": ""Jupyter Notebook"", ""level"": ""Intermediate""}, {""name"": ""Python"", ""level"": ""Advanced""}, {""name"": ""Statistical Modeling"", ""level"": ""Advanced""}, {""name"": ""Scikit-learn"", ""level"": ""Intermediate""}, {""name"": ""Machine Learning"", ""level"": ""Beginner""}, {""name"": ""Pandas / NumPy"", ""level"": ""Intermediate""}]","coverage=75%, noise=2"
TEST_Data_Scientist_05,Data Scientist,"[{""name"": ""TensorFlow"", ""level"": ""Intermediate""}, {""name"": ""Machine Learning"", ""level"": ""Intermediate""}, {""name"": ""Feature Engineering"", ""level"": ""Intermediate""}, {""name"": ""Estate Planning"", ""level"": ""Beginner""}, {""name"": ""Data Visualization"", ""level"": ""Beginner""}, {""name"": ""Jupyter Notebook"", ""level"": ""Intermediate""}, {""name"": ""Communication"", ""level"": ""Intermediate""}, {""name"": ""Tableau"", ""level"": ""Beginner""}, {""name"": ""dbt (Data Build Tool)"", ""level"": ""Advanced""}, {""name"": ""SQL"", ""level"": ""Beginner""}, {""name"": ""Airflow"", ""level"": ""Advanced""}, {""name"": ""Statistical Modeling"", ""level"": ""Advanced""}, {""name"": ""Bash/Shell Scripting"", ""level"": ""Advanced""}, {""name"": ""Pandas / NumPy"", ""level"": ""Beginner""}, {""name"": ""Python"", ""level"": ""Intermediate""}, {""name"": ""Problem Solving"", ""level"": ""Beginner""}]","coverage=75%, noise=2"
TEST_Data_Scientist_06,Data Scientist,"[{""name"": ""TensorFlow"", ""level"": ""Intermediate""}, {""name"": ""Feature Engineering"", ""level"": ""Intermediate""}, {""name"": ""Data Analytics"", ""level"": ""Beginner""}, {""name"": ""dbt (Data Build Tool)"", ""level"": ""Advanced""}, {""name"": ""SQL"", ""level"": ""Beginner""}, {""name"": ""Pandas / NumPy"", ""level"": ""Beginner""}, {""name"": ""R"", ""level"": ""Advanced""}, {""name"": ""Scikit-learn"", ""level"": ""Intermediate""}, {""name"": ""Communication"", ""level"": ""Beginner""}, {""name"": ""Data Visualization"", ""level"": ""Beginner""}, {""name"": ""Problem Solving"", ""level"": ""Intermediate""}, {""name"": ""A/B Testing"", ""level"": ""Beginner""}, {""name"": ""Airflow"", ""level"": ""Advanced""}, {""name"": ""Statistical Modeling"", ""level"": ""Beginner""}, {""name"": ""User Research"", ""level"": ""Advanced""}]","coverage=70%, noise=2"
TEST_Data_Scientist_07,Data Scientist,"[{""name"": ""Airflow"", ""level"": ""Advanced""}, {""name"": ""Statistical Modeling"", ""level"": ""Beginner""}, {""name"": ""Machine Learning"", ""level"": ""Intermediate""}, {""name"": ""dbt (Data Build Tool)"", ""level"": ""Advanced""}, {""name"": ""TensorFlow"", ""level"": ""Intermediate""}, {""name"": ""R"", ""level"": ""Beginner""}, {""name"": ""PyTorch"", ""level"": ""Intermediate""}, {""name"": ""Problem Solving"", ""level"": ""Intermediate""}, {""name"": ""Scikit-learn"", ""level"": ""Beginner""}, {""name"": ""SQL (Data Querying)"", ""level"": ""Intermediate""}, {""name"": ""Pandas / NumPy"", ""level"": ""Beginner""}, {""name"": ""Tableau"", ""level"": ""Beginner""}, {""name"": ""Communication"", ""level"": ""Beginner""}, {""name"": ""SQL"", ""level"": ""Beginner""}, {""name"": ""Feature Engineering"", ""level"": ""Advanced""}]","coverage=74%, noise=1"
TEST_Data_Scientist_08,Data Scientist,"[{""name"": ""Jupyter Notebook"", ""level"": ""Beginner""}, {""name"": ""A/B Testing"", ""level"": ""Beginner""}, {""name"": ""Problem Solving"", ""level"": ""Intermediate""}, {""name"": ""Machine Learning"", ""level"": ""Intermediate""}, {""name"": ""Data Structures & Algorithms"", ""level"": ""Intermediate""}, {""name"": ""Feature Engineering"", ""level"": ""Beginner""}, {""name"": ""Communication"", ""level"": ""Beginner""}, {""name"": ""Python"", ""level"": ""Advanced""}, {""name"": ""Scikit-learn"", ""level"": ""Beginner""}, {""name"": ""TensorFlow"", ""level"": ""Beginner""}, {""name"": ""Excel (Advanced: Solver, VBA, Power Query)"", ""level"": ""Advanced""}, {""name"": ""dbt (Data Build Tool)"", ""level"": ""Advanced""}, {""name"": ""Airflow"", ""level"": ""Advanced""}, {""name"": ""Apache Spark"", ""level"": ""Beginner""}, {""name"": ""Pandas / NumPy"", ""level"": ""Beginner""}, {""name"": ""SQL"", ""level"": ""Beginner""}]","coverage=77%, noise=2"
TEST_Data_Scientist_09,Data Scientist,"[{""name"": ""PyTorch"", ""level"": ""Intermediate""}, {""name"": ""Machine Learning"", ""level"": ""Intermediate""}, {""name"": ""Feature Engineering"", ""level"": ""Beginner""}, {""name"": ""Python"", ""level"": ""Intermediate""}, {""name"": ""Tableau"", ""level"": ""Beginner""}, {""name"": ""Communication"", ""level"": ""Beginner""}, {""name"": ""R"", ""level"": ""Intermediate""}, {""name"": ""Real-Time Operating Systems (RTOS)"", ""level"": ""Beginner""}, {""name"": ""Statistical Modeling"", ""level"": ""Beginner""}, {""name"": ""TensorFlow"", ""level"": ""Intermediate""}, {""name"": ""Jupyter Notebook"", ""level"": ""Intermediate""}, {""name"": ""Airflow"", ""level"": ""Advanced""}]","coverage=61%, noise=1"
TEST_DevOps___SRE_Engineer_00,DevOps / SRE Engineer,"[{""name"": ""GCP (BigQuery, GKE)"", ""level"": ""Beginner""}, {""name"": ""Communication"", ""level"": ""Advanced""}, {""name"": ""Bash/Shell Scripting"", ""level"": ""Intermediate""}, {""name"": ""GitHub Actions"", ""level"": ""Intermediate""}, {""name"": ""Prometheus & Grafana"", ""level"": ""Intermediate""}, {""name"": ""Azure (AKS, Functions)"", ""level"": ""Intermediate""}, {""name"": ""Convolutional Neural Networks"", ""level"": ""Intermediate""}, {""name"": ""Problem Solving"", ""level"": ""Beginner""}, {""name"": ""Python"", ""level"": ""Intermediate""}, {""name"": ""Nginx"", ""level"": ""Advanced""}, {""name"": ""Economic Development and International Trade"", ""level"": ""Beginner""}, {""name"": ""Technical Writing"", ""level"": ""Intermediate""}, {""name"": ""Ansible"", ""level"": ""Intermediate""}, {""name"": ""Go"", ""level"": ""Beginner""}]","coverage=61%, noise=2"
TEST_DevOps___SRE_Engineer_01,DevOps / SRE Engineer,"[{""name"": ""GitHub Actions"", ""level"": ""Beginner""}, {""name"": ""Communication"", ""level"": ""Intermediate""}, {""name"": ""Kubernetes"", ""level"": ""Beginner""}, {""name"": ""Ansible"", ""level"": ""Intermediate""}, {""name"": ""Network Security"", ""level"": ""Beginner""}, {""name"": ""Azure (AKS, Functions)"", ""level"": ""Intermediate""}, {""name"": ""Terraform"", ""level"": ""Advanced""}, {""name"": ""Technical Writing"", ""level"": ""Intermediate""}, {""name"": ""Linux System Admin"", ""level"": ""Beginner""}, {""name"": ""Prometheus & Grafana"", ""level"": ""Beginner""}, {""name"": ""Nginx"", ""level"": ""Beginner""}, {""name"": ""German"", ""level"": ""Beginner""}, {""name"": ""Economic Development and International Trade"", ""level"": ""Intermediate""}, {""name"": ""Bash/Shell Scripting"", ""level"": ""Intermediate""}, {""name"": ""CI/CD Pipelines"", ""level"": ""Beginner""}, {""name"": ""GCP (BigQuery, GKE)"", ""level"": ""Beginner""}, {""name"": ""AWS (EC2, S3, Lambda)"", ""level"": ""Beginner""}]","coverage=83%, noise=1"
TEST_DevOps___SRE_Engineer_02,DevOps / SRE Engineer,"[{""name"": ""Bash/Shell Scripting"", ""level"": ""Intermediate""}, {""name"": ""Network Security"", ""level"": ""Beginner""}, {""name"": ""Elasticsearch"", ""level"": ""Intermediate""}, {""name"": ""Linux System Admin"", ""level"": ""Beginner""}, {""name"": ""Problem Solving"", ""level"": ""Beginner""}, {""name"": ""Kubernetes"", ""level"": ""Beginner""}, {""name"": ""Docker"", ""level"": ""Beginner""}, {""name"": ""Communication"", ""level"": ""Intermediate""}, {""name"": ""French"", ""level"": ""Intermediate""}, {""name"": ""AWS (EC2, S3, Lambda)"", ""level"": ""Beginner""}, {""name"": ""GCP (BigQuery, GKE)"", ""level"": ""Intermediate""}, {""name"": ""Go"", ""level"": ""Beginner""}, {""name"": ""GitHub Actions"", ""level"": ""Beginner""}, {""name"": ""CI/CD Pipelines"", ""level"": ""Intermediate""}]","coverage=61%, noise=2"
TEST_DevOps___SRE_Engineer_03,DevOps / SRE Engineer,"[{""name"": ""Nginx"", ""level"": ""Intermediate""}, {""name"": ""Communication"", ""level"": ""Beginner""}, {""name"": ""Problem Solving"", ""level"": ""Beginner""}, {""name"": ""Go"", ""level"": ""Beginner""}, {""name"": ""Docker"", ""level"": ""Beginner""}, {""name"": ""Ansible"", ""level"": ""Intermediate""}, {""name"": ""German"", ""level"": ""Beginner""}, {""name"": ""Terraform"", ""level"": ""Beginner""}, {""name"": ""GCP (BigQuery, GKE)"", ""level"": ""Beginner""}, {""name"": ""Bash/Shell Scripting"", ""level"": ""Intermediate""}, {""name"": ""Azure (AKS, Functions)"", ""level"": ""Intermediate""}, {""name"": ""Prometheus & Grafana"", ""level"": ""Intermediate""}, {""name"": ""Network Security"", ""level"": ""Beginner""}, {""name"": ""Linux System Admin"", ""level"": ""Beginner""}]","coverage=73%, noise=0"
TEST_DevOps___SRE_Engineer_04,DevOps / SRE Engineer,"[{""name"": ""Terraform"", ""level"": ""Beginner""}, {""name"": ""Azure (AKS, Functions)"", ""level"": ""Intermediate""}, {""name"": ""Nginx"", ""level"": ""Intermediate""}, {""name"": ""Docker"", ""level"": ""Beginner""}, {""name"": ""CI/CD Pipelines"", ""level"": ""Beginner""}, {""name"": ""GCP (BigQuery, GKE)"", ""level"": ""Intermediate""}, {""name"": ""Prometheus & Grafana"", ""level"": ""Beginner""}, {""name"": ""German"", ""level"": ""Beginner""}, {""name"": ""Technical Writing"", ""level"": ""Intermediate""}, {""name"": ""GitHub Actions"", ""level"": ""Intermediate""}, {""name"": ""Problem Solving"", ""level"": ""Beginner""}, {""name"": ""Communication"", ""level"": ""Intermediate""}]","coverage=64%, noise=0"
TEST_DevOps___SRE_Engineer_05,DevOps / SRE Engineer,"[{""name"": ""Kubernetes"", ""level"": ""Intermediate""}, {""name"": ""Azure (AKS, Functions)"", ""level"": ""Beginner""}, {""name"": ""Communication"", ""level"": ""Beginner""}, {""name"": ""Ansible"", ""level"": ""Intermediate""}, {""name"": ""Go"", ""level"": ""Beginner""}, {""name"": ""German"", ""level"": ""Beginner""}, {""name"": ""Linux System Admin"", ""level"": ""Beginner""}, {""name"": ""CI/CD Pipelines"", ""level"": ""Beginner""}, {""name"": ""Problem Solving"", ""level"": ""Beginner""}, {""name"": ""Python"", ""level"": ""Beginner""}, {""name"": ""GCP (BigQuery, GKE)"", ""level"": ""Intermediate""}, {""name"": ""Nginx"", ""level"": ""Intermediate""}, {""name"": ""GitHub Actions"", ""level"": ""Beginner""}, {""name"": ""Terraform"", ""level"": ""Intermediate""}, {""name"": ""Network Security"", ""level"": ""Beginner""}, {""name"": ""Bash/Shell Scripting"", ""level"": ""Intermediate""}, {""name"": ""Japanese"", ""level"": ""Intermediate""}]","coverage=83%, noise=1"
TEST_DevOps___SRE_Engineer_06,DevOps / SRE Engineer,"[{""name"": ""Azure (AKS, Functions)"", ""level"": ""Intermediate""}, {""name"": ""GCP (BigQuery, GKE)"", ""level"": ""Beginner""}, {""name"": ""CI/CD Pipelines"", ""level"": ""Advanced""}, {""name"": ""Python"", ""level"": ""Intermediate""}, {""name"": ""German"", ""level"": ""Beginner""}, {""name"": ""Kubernetes"", ""level"": ""Intermediate""}, {""name"": ""Communication"", ""level"": ""Intermediate""}, {""name"": ""Mechatronic System and Control"", ""level"": ""Beginner""}, {""name"": ""Prometheus & Grafana"", ""level"": ""Intermediate""}, {""name"": ""Technical Writing"", ""level"": ""Intermediate""}, {""name"": ""Linux System Admin"", ""level"": ""Beginner""}, {""name"": ""GitHub Actions"", ""level"": ""Beginner""}, {""name"": ""Ansible"", ""level"": ""Intermediate""}]","coverage=61%, noise=1"
TEST_DevOps___SRE_Engineer_07,DevOps / SRE Engineer,"[{""name"": ""Terraform"", ""level"": ""Beginner""}, {""name"": ""GCP (BigQuery, GKE)"", ""level"": ""Intermediate""}, {""name"": ""Network Security"", ""level"": ""Intermediate""}, {""name"": ""Azure (AKS, Functions)"", ""level"": ""Beginner""}, {""name"": ""Python"", ""level"": ""Intermediate""}, {""name"": ""Kubernetes"", ""level"": ""Intermediate""}, {""name"": ""Ansible"", ""level"": ""Advanced""}, {""name"": ""Communication"", ""level"": ""Advanced""}, {""name"": ""Technical Writing"", ""level"": ""Intermediate""}, {""name"": ""Problem Solving"", ""level"": ""Beginner""}, {""name"": ""Linux System Admin"", ""level"": ""Beginner""}, {""name"": ""Go"", ""level"": ""Beginner""}, {""name"": ""Docker"", ""level"": ""Beginner""}, {""name"": ""GitHub Actions"", ""level"": ""Beginner""}, {""name"": ""Nginx"", ""level"": ""Intermediate""}]","coverage=76%, noise=0"
TEST_DevOps___SRE_Engineer_08,DevOps / SRE Engineer,"[{""name"": ""Nginx"", ""level"": ""Intermediate""}, {""name"": ""CI/CD Pipelines"", ""level"": ""Intermediate""}, {""name"": ""Ansible"", ""level"": ""Beginner""}, {""name"": ""Azure (AKS, Functions)"", ""level"": ""Intermediate""}, {""name"": ""Go"", ""level"": ""Beginner""}, {""name"": ""Technical Writing"", ""level"": ""Intermediate""}, {""name"": ""Python"", ""level"": ""Beginner""}, {""name"": ""Linux System Admin"", ""level"": ""Beginner""}, {""name"": ""Problem Solving"", ""level"": ""Intermediate""}, {""name"": ""Prometheus & Grafana"", ""level"": ""Intermediate""}, {""name"": ""Terraform"", ""level"": ""Beginner""}, {""name"": ""Kubernetes"", ""level"": ""Intermediate""}, {""name"": ""GitHub Actions"", ""level"": ""Intermediate""}, {""name"": ""Docker"", ""level"": ""Beginner""}]","coverage=74%, noise=0"
TEST_DevOps___SRE_Engineer_09,DevOps / SRE Engineer,"[{""name"": ""Ansible"", ""level"": ""Advanced""}, {""name"": ""Docker"", ""level"": ""Intermediate""}, {""name"": ""Python"", ""level"": ""Advanced""}, {""name"": ""GitHub Actions"", ""level"": ""Beginner""}, {""name"": ""Terraform"", ""level"": ""Intermediate""}, {""name"": ""Kubernetes"", ""level"": ""Intermediate""}, {""name"": ""Go"", ""level"": ""Beginner""}, {""name"": ""GCP (BigQuery, GKE)"", ""level"": ""Advanced""}, {""name"": ""Linux System Admin"", ""level"": ""Beginner""}, {""name"": ""Bash/Shell Scripting"", ""level"": ""Intermediate""}, {""name"": ""Problem Solving"", ""level"": ""Intermediate""}, {""name"": ""Technical Writing"", ""level"": ""Beginner""}, {""name"": ""Prometheus & Grafana"", ""level"": ""Intermediate""}, {""name"": ""Azure (AKS, Functions)"", ""level"": ""Intermediate""}]","coverage=73%, noise=0"
TEST_FinTech_Software_Engineer_00,FinTech Software Engineer,"[{""name"": ""Kafka"", ""level"": ""Beginner""}, {""name"": ""3D Modeling (Blender)"", ""level"": ""Intermediate""}, {""name"": ""Docker"", ""level"": ""Beginner""}, {""name"": ""Agile / Scrum Methodology"", ""level"": ""Intermediate""}, {""name"": ""German"", ""level"": ""Beginner""}, {""name"": ""Cryptography"", ""level"": ""Advanced""}, {""name"": ""SQL"", ""level"": ""Beginner""}, {""name"": ""Real-Time Operating Systems (RTOS)"", ""level"": ""Intermediate""}, {""name"": ""Redis"", ""level"": ""Beginner""}, {""name"": ""PostgreSQL"", ""level"": ""Intermediate""}, {""name"": ""Payment Systems (ISO 20022, SWIFT)"", ""level"": ""Intermediate""}, {""name"": ""Microservices Architecture"", ""level"": ""Beginner""}, {""name"": ""AWS (EC2, S3, Lambda)"", ""level"": ""Beginner""}, {""name"": ""RESTful APIs"", ""level"": ""Intermediate""}]","coverage=68%, noise=2"
TEST_FinTech_Software_Engineer_01,FinTech Software Engineer,"[{""name"": ""Embedded System (Course)"", ""level"": ""Intermediate""}, {""name"": ""Python"", ""level"": ""Beginner""}, {""name"": ""Kafka"", ""level"": ""Intermediate""}, {""name"": ""REST API Design"", ""level"": ""Intermediate""}, {""name"": ""Docker"", ""level"": ""Beginner""}, {""name"": ""PCI-DSS Compliance"", ""level"": ""Intermediate""}, {""name"": ""Microservices Architecture"", ""level"": ""Beginner""}, {""name"": ""AWS (EC2, S3, Lambda)"", ""level"": ""Beginner""}, {""name"": ""Cryptography"", ""level"": ""Intermediate""}, {""name"": ""Agile / Scrum Methodology"", ""level"": ""Beginner""}, {""name"": ""Technical Writing"", ""level"": ""Intermediate""}, {""name"": ""Spring Boot"", ""level"": ""Intermediate""}, {""name"": ""Payment Systems (ISO 20022, SWIFT)"", ""level"": ""Beginner""}, {""name"": ""RESTful APIs"", ""level"": ""Advanced""}, {""name"": ""Java"", ""level"": ""Beginner""}]","coverage=75%, noise=2"
TEST_FinTech_Software_Engineer_02,FinTech Software Engineer,"[{""name"": ""Microservices Architecture"", ""level"": ""Beginner""}, {""name"": ""Redis"", ""level"": ""Beginner""}, {""name"": ""Technical Writing"", ""level"": ""Intermediate""}, {""name"": ""RESTful APIs"", ""level"": ""Intermediate""}, {""name"": ""Kubernetes"", ""level"": ""Beginner""}, {""name"": ""PostgreSQL"", ""level"": ""Beginner""}, {""name"": ""Python"", ""level"": ""Intermediate""}, {""name"": ""PCI-DSS Compliance"", ""level"": ""Beginner""}, {""name"": ""Spring Boot"", ""level"": ""Advanced""}, {""name"": ""Agile / Scrum Methodology"", ""level"": ""Intermediate""}, {""name"": ""AWS (EC2, S3, Lambda)"", ""level"": ""Beginner""}, {""name"": ""Cryptography"", ""level"": ""Intermediate""}]","coverage=71%, noise=0"
TEST_FinTech_Software_Engineer_03,FinTech Software Engineer,"[{""name"": ""Attention to Detail"", ""level"": ""Beginner""}, {""name"": ""Python"", ""level"": ""Beginner""}, {""name"": ""Java"", ""level"": ""Beginner""}, {""name"": ""Kubernetes"", ""level"": ""Beginner""}, {""name"": ""Agile / Scrum Methodology"", ""level"": ""Intermediate""}, {""name"": ""Technical Writing"", ""level"": ""Intermediate""}, {""name"": ""Redis"", ""level"": ""Beginner""}, {""name"": ""Spring Boot"", ""level"": ""Intermediate""}, {""name"": ""Microservices Architecture"", ""level"": ""Beginner""}, {""name"": ""PCI-DSS Compliance"", ""level"": ""Beginner""}, {""name"": ""German"", ""level"": ""Beginner""}, {""name"": ""PostgreSQL"", ""level"": ""Intermediate""}, {""name"": ""AWS (EC2, S3, Lambda)"", ""level"": ""Intermediate""}, {""name"": ""Project Management"", ""level"": ""Beginner""}]","coverage=71%, noise=2"
TEST_FinTech_Software_Engineer_04,FinTech Software Engineer,"[{""name"": ""Microservices Architecture"", ""level"": ""Beginner""}, {""name"": ""PostgreSQL"", ""level"": ""Intermediate""}, {""name"": ""Econometrics"", ""level"": ""Beginner""}, {""name"": ""Docker"", ""level"": ""Intermediate""}, {""name"": ""German"", ""level"": ""Beginner""}, {""name"": ""SQL"", ""level"": ""Beginner""}, {""name"": ""PCI-DSS Compliance"", ""level"": ""Intermediate""}, {""name"": ""Python"", ""level"": ""Intermediate""}, {""name"": ""Cryptography"", ""level"": ""Intermediate""}, {""name"": ""Spring Boot"", ""level"": ""Intermediate""}, {""name"": ""Economics Statistics I/II"", ""level"": ""Intermediate""}, {""name"": ""Kubernetes"", ""level"": ""Intermediate""}, {""name"": ""Java"", ""level"": ""Intermediate""}, {""name"": ""RESTful APIs"", ""level"": ""Intermediate""}]","coverage=71%, noise=2"
TEST_FinTech_Software_Engineer_05,FinTech Software Engineer,"[{""name"": ""RESTful APIs"", ""level"": ""Beginner""}, {""name"": ""Python (Pandas, NumPy, Statsmodels)"", ""level"": ""Beginner""}, {""name"": ""Kafka"", ""level"": ""Intermediate""}, {""name"": ""Technical Writing"", ""level"": ""Beginner""}, {""name"": ""Docker"", ""level"": ""Intermediate""}, {""name"": ""Kubernetes"", ""level"": ""Intermediate""}, {""name"": ""AWS (EC2, S3, Lambda)"", ""level"": ""Beginner""}, {""name"": ""Payment Systems (ISO 20022, SWIFT)"", ""level"": ""Beginner""}, {""name"": ""SQL"", ""level"": ""Beginner""}, {""name"": ""German"", ""level"": ""Beginner""}, {""name"": ""Agile / Scrum Methodology"", ""level"": ""Beginner""}, {""name"": ""RAG (Retrieval-Augmented Generation)"", ""level"": ""Advanced""}, {""name"": ""PCI-DSS Compliance"", ""level"": ""Intermediate""}]","coverage=63%, noise=2"
TEST_FinTech_Software_Engineer_06,FinTech Software Engineer,"[{""name"": ""Kafka"", ""level"": ""Intermediate""}, {""name"": ""Agile / Scrum Methodology"", ""level"": ""Intermediate""}, {""name"": ""Python"", ""level"": ""Intermediate""}, {""name"": ""Microservices Architecture"", ""level"": ""Beginner""}, {""name"": ""Green Bond / Sustainable Finance Analysis"", ""level"": ""Beginner""}, {""name"": ""RESTful APIs"", ""level"": ""Intermediate""}, {""name"": ""PCI-DSS Compliance"", ""level"": ""Advanced""}, {""name"": ""German"", ""level"": ""Intermediate""}, {""name"": ""Cryptography"", ""level"": ""Intermediate""}, {""name"": ""PostgreSQL"", ""level"": ""Intermediate""}, {""name"": ""SQL"", ""level"": ""Beginner""}, {""name"": ""Kubernetes"", ""level"": ""Advanced""}]","coverage=61%, noise=1"
TEST_FinTech_Software_Engineer_07,FinTech Software Engineer,"[{""name"": ""German"", ""level"": ""Intermediate""}, {""name"": ""Kafka"", ""level"": ""Intermediate""}, {""name"": ""Payment Systems (ISO 20022, SWIFT)"", ""level"": ""Intermediate""}, {""name"": ""PostgreSQL"", ""level"": ""Advanced""}, {""name"": ""AWS (EC2, S3, Lambda)"", ""level"": ""Beginner""}, {""name"": ""SQL"", ""level"": ""Beginner""}, {""name"": ""Microservices Architecture"", ""level"": ""Beginner""}, {""name"": ""Java"", ""level"": ""Intermediate""}, {""name"": ""Docker"", ""level"": ""Intermediate""}, {""name"": ""PCI-DSS Compliance"", ""level"": ""Intermediate""}, {""name"": ""Agile / Scrum Methodology"", ""level"": ""Beginner""}, {""name"": ""Kubernetes"", ""level"": ""Intermediate""}, {""name"": ""Cryptography"", ""level"": ""Advanced""}, {""name"": ""RESTful APIs"", ""level"": ""Intermediate""}, {""name"": ""Redis"", ""level"": ""Beginner""}]","coverage=85%, noise=0"
TEST_FinTech_Software_Engineer_08,FinTech Software Engineer,"[{""name"": ""PCI-DSS Compliance"", ""level"": ""Intermediate""}, {""name"": ""Microservices Architecture"", ""level"": ""Beginner""}, {""name"": ""Spring Boot"", ""level"": ""Intermediate""}, {""name"": ""Cryptography"", ""level"": ""Advanced""}, {""name"": ""PostgreSQL"", ""level"": ""Beginner""}, {""name"": ""Agile / Scrum Methodology"", ""level"": ""Advanced""}, {""name"": ""Payment Systems (ISO 20022, SWIFT)"", ""level"": ""Intermediate""}, {""name"": ""Python"", ""level"": ""Intermediate""}, {""name"": ""Kubernetes"", ""level"": ""Intermediate""}, {""name"": ""German"", ""level"": ""Beginner""}, {""name"": ""Technical Writing"", ""level"": ""Advanced""}, {""name"": ""Java"", ""level"": ""Advanced""}, {""name"": ""Bash/Shell Scripting"", ""level"": ""Intermediate""}, {""name"": ""Kafka"", ""level"": ""Intermediate""}, {""name"": ""Redis"", ""level"": ""Beginner""}, {""name"": ""Cloud Security"", ""level"": ""Beginner""}]","coverage=82%, noise=2"
TEST_FinTech_Software_Engineer_09,FinTech Software Engineer,"[{""name"": ""Kubernetes"", ""level"": ""Intermediate""}, {""name"": ""PostgreSQL"", ""level"": ""Intermediate""}, {""name"": ""Spring Boot"", ""level"": ""Intermediate""}, {""name"": ""Redis"", ""level"": ""Intermediate""}, {""name"": ""Kafka"", ""level"": ""Intermediate""}, {""name"": ""Docker"", ""level"": ""Intermediate""}, {""name"": ""Technical Writing"", ""level"": ""Beginner""}, {""name"": ""Payment Systems (ISO 20022, SWIFT)"", ""level"": ""Intermediate""}, {""name"": ""RESTful APIs"", ""level"": ""Beginner""}, {""name"": ""German"", ""level"": ""Beginner""}, {""name"": ""Java"", ""level"": ""Intermediate""}, {""name"": ""Agile / Scrum Methodology"", ""level"": ""Intermediate""}, {""name"": ""Microservices Architecture"", ""level"": ""Beginner""}]","coverage=78%, noise=0"
TEST_NLP_Engineer_00,NLP Engineer,"[{""name"": ""Research Skills"", ""level"": ""Intermediate""}, {""name"": ""LangChain"", ""level"": ""Beginner""}, {""name"": ""Spatial Computing (Meta Quest / Apple Vision Pro)"", ""level"": ""Advanced""}, {""name"": ""Deep Learning"", ""level"": ""Intermediate""}, {""name"": ""SQL"", ""level"": ""Beginner""}, {""name"": ""Python"", ""level"": ""Beginner""}, {""name"": ""CUDA Programming"", ""level"": ""Advanced""}, {""name"": ""Model Deployment (MLOps)"", ""level"": ""Intermediate""}, {""name"": ""TensorFlow"", ""level"": ""Beginner""}, {""name"": ""Text Mining"", ""level"": ""Intermediate""}, {""name"": ""Elasticsearch"", ""level"": ""Intermediate""}, {""name"": ""Feature Engineering"", ""level"": ""Intermediate""}, {""name"": ""Natural Language Processing"", ""level"": ""Beginner""}]","coverage=78%, noise=2"
TEST_NLP_Engineer_01,NLP Engineer,"[{""name"": ""Model Deployment (MLOps)"", ""level"": ""Intermediate""}, {""name"": ""Hugging Face Transformers"", ""level"": ""Beginner""}, {""name"": ""Python"", ""level"": ""Advanced""}, {""name"": ""Machine Learning"", ""level"": ""Intermediate""}, {""name"": ""Deep Learning"", ""level"": ""Intermediate""}, {""name"": ""Natural Language Processing"", ""level"": ""Advanced""}, {""name"": ""TensorFlow"", ""level"": ""Intermediate""}, {""name"": ""PyTorch"", ""level"": ""Beginner""}, {""name"": ""Feature Engineering"", ""level"": ""Beginner""}, {""name"": ""Apache Kafka"", ""level"": ""Intermediate""}, {""name"": ""Elasticsearch"", ""level"": ""Intermediate""}, {""name"": ""Problem Solving"", ""level"": ""Beginner""}, {""name"": ""LangChain"", ""level"": ""Beginner""}]","coverage=80%, noise=1"
TEST_NLP_Engineer_02,NLP Engineer,"[{""name"": ""Feature Engineering"", ""level"": ""Beginner""}, {""name"": ""Elasticsearch"", ""level"": ""Intermediate""}, {""name"": ""Python"", ""level"": ""Beginner""}, {""name"": ""Model Deployment (MLOps)"", ""level"": ""Beginner""}, {""name"": ""Credit Analysis"", ""level"": ""Advanced""}, {""name"": ""Problem Solving"", ""level"": ""Beginner""}, {""name"": ""Natural Language Processing"", ""level"": ""Beginner""}, {""name"": ""TensorFlow"", ""level"": ""Intermediate""}, {""name"": ""Hugging Face Transformers"", ""level"": ""Intermediate""}, {""name"": ""PyTorch"", ""level"": ""Beginner""}, {""name"": ""Machine Learning"", ""level"": ""Beginner""}, {""name"": ""LangChain"", ""level"": ""Intermediate""}, {""name"": ""Text Mining"", ""level"": ""Advanced""}, {""name"": ""Spatial Computing (Meta Quest / Apple Vision Pro)"", ""level"": ""Beginner""}]","coverage=81%, noise=2"
TEST_NLP_Engineer_03,NLP Engineer,"[{""name"": ""SQL"", ""level"": ""Intermediate""}, {""name"": ""PyTorch"", ""level"": ""Beginner""}, {""name"": ""Natural Language Processing"", ""level"": ""Intermediate""}, {""name"": ""Feature Engineering"", ""level"": ""Intermediate""}, {""name"": ""Python"", ""level"": ""Intermediate""}, {""name"": ""LangChain"", ""level"": ""Beginner""}, {""name"": ""Leadership"", ""level"": ""Advanced""}, {""name"": ""Research Skills"", ""level"": ""Intermediate""}, {""name"": ""TensorFlow"", ""level"": ""Intermediate""}, {""name"": ""Deep Learning"", ""level"": ""Intermediate""}, {""name"": ""Problem Solving"", ""level"": ""Beginner""}, {""name"": ""Elasticsearch"", ""level"": ""Intermediate""}, {""name"": ""Model Deployment (MLOps)"", ""level"": ""Beginner""}, {""name"": ""Bloomberg Terminal"", ""level"": ""Advanced""}]","coverage=82%, noise=2"
TEST_NLP_Engineer_04,NLP Engineer,"[{""name"": ""Feature Engineering"", ""level"": ""Beginner""}, {""name"": ""LangChain"", ""level"": ""Intermediate""}, {""name"": ""Machine Learning"", ""level"": ""Intermediate""}, {""name"": ""Python"", ""level"": ""Beginner""}, {""name"": ""Elasticsearch"", ""level"": ""Advanced""}, {""name"": ""SQL"", ""level"": ""Intermediate""}, {""name"": ""Text Mining"", ""level"": ""Intermediate""}, {""name"": ""Natural Language Processing"", ""level"": ""Beginner""}, {""name"": ""PyTorch"", ""level"": ""Intermediate""}]","coverage=62%, noise=0"
TEST_NLP_Engineer_05,NLP Engineer,"[{""name"": ""Python"", ""level"": ""Beginner""}, {""name"": ""Research Skills"", ""level"": ""Intermediate""}, {""name"": ""Natural Language Processing"", ""level"": ""Intermediate""}, {""name"": ""Deep Learning"", ""level"": ""Intermediate""}, {""name"": ""Hugging Face Transformers"", ""level"": ""Beginner""}, {""name"": ""Data Engineering"", ""level"": ""Advanced""}, {""name"": ""MATLAB (Economic Modeling)"", ""level"": ""Advanced""}, {""name"": ""Feature Engineering"", ""level"": ""Intermediate""}, {""name"": ""LangChain"", ""level"": ""Intermediate""}, {""name"": ""Problem Solving"", ""level"": ""Beginner""}, {""name"": ""Elasticsearch"", ""level"": ""Intermediate""}, {""name"": ""SQL"", ""level"": ""Intermediate""}, {""name"": ""Machine Learning"", ""level"": ""Beginner""}]","coverage=74%, noise=2"
TEST_NLP_Engineer_06,NLP Engineer,"[{""name"": ""Elasticsearch"", ""level"": ""Intermediate""}, {""name"": ""Text Mining"", ""level"": ""Intermediate""}, {""name"": ""Research Skills"", ""level"": ""Beginner""}, {""name"": ""Feature Engineering"", ""level"": ""Intermediate""}, {""name"": ""Python"", ""level"": ""Beginner""}, {""name"": ""Natural Language Processing"", ""level"": ""Beginner""}, {""name"": ""Hugging Face Transformers"", ""level"": ""Intermediate""}, {""name"": ""PyTorch"", ""level"": ""Beginner""}, {""name"": ""SQL"", ""level"": ""Advanced""}, {""name"": ""TensorFlow"", ""level"": ""Intermediate""}, {""name"": ""Problem Solving"", ""level"": ""Beginner""}, {""name"": ""Deep Learning"", ""level"": ""Beginner""}]","coverage=82%, noise=0"
TEST_NLP_Engineer_07,NLP Engineer,"[{""name"": ""Model Deployment (MLOps)"", ""level"": ""Intermediate""}, {""name"": ""Cross-cultural Communication"", ""level"": ""Intermediate""}, {""name"": ""Feature Engineering"", ""level"": ""Intermediate""}, {""name"": ""Hugging Face Transformers"", ""level"": ""Intermediate""}, {""name"": ""Research Skills"", ""level"": ""Advanced""}, {""name"": ""Deep Learning"", ""level"": ""Intermediate""}, {""name"": ""Natural Language Processing"", ""level"": ""Intermediate""}, {""name"": ""Machine Learning"", ""level"": ""Intermediate""}, {""name"": ""Keras"", ""level"": ""Beginner""}, {""name"": ""Text Mining"", ""level"": ""Intermediate""}, {""name"": ""Elasticsearch"", ""level"": ""Intermediate""}, {""name"": ""PyTorch"", ""level"": ""Beginner""}]","coverage=71%, noise=2"
TEST_NLP_Engineer_08,NLP Engineer,"[{""name"": ""Problem Solving"", ""level"": ""Beginner""}, {""name"": ""Python"", ""level"": ""Intermediate""}, {""name"": ""Spring Boot"", ""level"": ""Advanced""}, {""name"": ""PyTorch"", ""level"": ""Beginner""}, {""name"": ""LangChain"", ""level"": ""Intermediate""}, {""name"": ""Machine Learning"", ""level"": ""Intermediate""}, {""name"": ""Text Mining"", ""level"": ""Beginner""}, {""name"": ""Hugging Face Transformers"", ""level"": ""Advanced""}, {""name"": ""Model Deployment (MLOps)"", ""level"": ""Beginner""}, {""name"": ""Research Skills"", ""level"": ""Intermediate""}]","coverage=63%, noise=1"
TEST_NLP_Engineer_09,NLP Engineer,"[{""name"": ""Natural Language Processing"", ""level"": ""Intermediate""}, {""name"": ""Elasticsearch"", ""level"": ""Beginner""}, {""name"": ""Python"", ""level"": ""Intermediate""}, {""name"": ""Machine Learning"", ""level"": ""Intermediate""}, {""name"": ""Model Deployment (MLOps)"", ""level"": ""Intermediate""}, {""name"": ""SQL"", ""level"": ""Beginner""}, {""name"": ""Feature Engineering"", ""level"": ""Intermediate""}, {""name"": ""Deep Learning"", ""level"": ""Beginner""}, {""name"": ""LangChain"", ""level"": ""Intermediate""}, {""name"": ""TensorFlow"", ""level"": ""Beginner""}, {""name"": ""Research Skills"", ""level"": ""Intermediate""}, {""name"": ""PyTorch"", ""level"": ""Beginner""}]","coverage=83%, noise=0"
TEST_Robotics_Engineer_00,Robotics Engineer,"[{""name"": ""Problem Solving"", ""level"": ""Beginner""}, {""name"": ""MATLAB"", ""level"": ""Intermediate""}, {""name"": ""Real-Time Operating Systems (RTOS)"", ""level"": ""Intermediate""}, {""name"": ""ROS (Robot Operating System)"", ""level"": ""Intermediate""}, {""name"": ""Control Systems"", ""level"": ""Intermediate""}, {""name"": ""Mechatronic System and Control"", ""level"": ""Intermediate""}, {""name"": ""German"", ""level"": ""Intermediate""}, {""name"": ""Embedded Systems (Arduino/Raspberry Pi)"", ""level"": ""Beginner""}, {""name"": ""Introduction to Robotics"", ""level"": ""Intermediate""}, {""name"": ""C++"", ""level"": ""Intermediate""}, {""name"": ""Sustainability Reporting"", ""level"": ""Beginner""}, {""name"": ""Redis"", ""level"": ""Intermediate""}, {""name"": ""Computer Vision"", ""level"": ""Intermediate""}]","coverage=76%, noise=2"
TEST_Robotics_Engineer_01,Robotics Engineer,"[{""name"": ""Mechatronic System and Control"", ""level"": ""Beginner""}, {""name"": ""FPGA Programming"", ""level"": ""Beginner""}, {""name"": ""Introduction to Robotics"", ""level"": ""Intermediate""}, {""name"": ""German"", ""level"": ""Beginner""}, {""name"": ""C++"", ""level"": ""Beginner""}, {""name"": ""Python"", ""level"": ""Intermediate""}, {""name"": ""Control Systems"", ""level"": ""Beginner""}, {""name"": ""ROS (Robot Operating System)"", ""level"": ""Beginner""}, {""name"": ""JIRA / Agile Tools"", ""level"": ""Beginner""}, {""name"": ""MATLAB"", ""level"": ""Intermediate""}]","coverage=61%, noise=1"
TEST_Robotics_Engineer_02,Robotics Engineer,"[{""name"": ""ROS (Robot Operating System)"", ""level"": ""Intermediate""}, {""name"": ""German"", ""level"": ""Beginner""}, {""name"": ""FPGA Programming"", ""level"": ""Beginner""}, {""name"": ""Mechatronic System and Control"", ""level"": ""Intermediate""}, {""name"": ""Computer Vision"", ""level"": ""Intermediate""}, {""name"": ""Real-Time Operating Systems (RTOS)"", ""level"": ""Beginner""}, {""name"": ""Introduction to Robotics"", ""level"": ""Beginner""}, {""name"": ""C++"", ""level"": ""Intermediate""}, {""name"": ""Machine Learning"", ""level"": ""Intermediate""}, {""name"": ""Kinematics & Motion Planning"", ""level"": ""Beginner""}]","coverage=72%, noise=0"
TEST_Robotics_Engineer_03,Robotics Engineer,"[{""name"": ""MATLAB"", ""level"": ""Intermediate""}, {""name"": ""Embedded Systems (Arduino/Raspberry Pi)"", ""level"": ""Intermediate""}, {""name"": ""Problem Solving"", ""level"": ""Beginner""}, {""name"": ""German"", ""level"": ""Beginner""}, {""name"": ""ROS (Robot Operating System)"", ""level"": ""Advanced""}, {""name"": ""Chinese"", ""level"": ""Advanced""}, {""name"": ""C++"", ""level"": ""Intermediate""}, {""name"": ""Real-Time Operating Systems (RTOS)"", ""level"": ""Intermediate""}, {""name"": ""Computer Vision"", ""level"": ""Intermediate""}, {""name"": ""Prometheus & Grafana"", ""level"": ""Intermediate""}, {""name"": ""FPGA Programming"", ""level"": ""Intermediate""}]","coverage=66%, noise=2"
TEST_Robotics_Engineer_04,Robotics Engineer,"[{""name"": ""Embedded Systems (Arduino/Raspberry Pi)"", ""level"": ""Intermediate""}, {""name"": ""German"", ""level"": ""Beginner""}, {""name"": ""Computer Vision"", ""level"": ""Beginner""}, {""name"": ""Real-Time Operating Systems (RTOS)"", ""level"": ""Intermediate""}, {""name"": ""Kinematics & Motion Planning"", ""level"": ""Intermediate""}, {""name"": ""ROS (Robot Operating System)"", ""level"": ""Beginner""}, {""name"": ""C++"", ""level"": ""Intermediate""}, {""name"": ""Control Systems"", ""level"": ""Intermediate""}, {""name"": ""Problem Solving"", ""level"": ""Intermediate""}, {""name"": ""Machine Learning"", ""level"": ""Intermediate""}]","coverage=67%, noise=0"
TEST_Robotics_Engineer_05,Robotics Engineer,"[{""name"": ""Behavioral Economics"", ""level"": ""Intermediate""}, {""name"": ""MATLAB"", ""level"": ""Intermediate""}, {""name"": ""German"", ""level"": ""Beginner""}, {""name"": ""Introduction to Robotics"", ""level"": ""Intermediate""}, {""name"": ""Kinematics & Motion Planning"", ""level"": ""Intermediate""}, {""name"": ""Mechatronic System and Control"", ""level"": ""Beginner""}, {""name"": ""Real-Time Operating Systems (RTOS)"", ""level"": ""Beginner""}, {""name"": ""Computer Vision"", ""level"": ""Intermediate""}, {""name"": ""C++"", ""level"": ""Advanced""}, {""name"": ""Embedded Systems (Arduino/Raspberry Pi)"", ""level"": ""Beginner""}]","coverage=64%, noise=1"
TEST_Robotics_Engineer_06,Robotics Engineer,"[{""name"": ""Control Systems"", ""level"": ""Intermediate""}, {""name"": ""Computer Vision"", ""level"": ""Intermediate""}, {""name"": ""Introduction to Robotics"", ""level"": ""Intermediate""}, {""name"": ""Embedded Systems (Arduino/Raspberry Pi)"", ""level"": ""Beginner""}, {""name"": ""German"", ""level"": ""Beginner""}, {""name"": ""Problem Solving"", ""level"": ""Beginner""}, {""name"": ""Keras"", ""level"": ""Advanced""}, {""name"": ""MATLAB"", ""level"": ""Intermediate""}, {""name"": ""ROS (Robot Operating System)"", ""level"": ""Beginner""}, {""name"": ""Mechatronic System and Control"", ""level"": ""Advanced""}, {""name"": ""C++"", ""level"": ""Intermediate""}, {""name"": ""Real-Time Operating Systems (RTOS)"", ""level"": ""Intermediate""}, {""name"": ""Python"", ""level"": ""Intermediate""}]","coverage=84%, noise=1"
TEST_Robotics_Engineer_07,Robotics Engineer,"[{""name"": ""Problem Solving"", ""level"": ""Beginner""}, {""name"": ""Real-Time Operating Systems (RTOS)"", ""level"": ""Intermediate""}, {""name"": ""Embedded Systems (Arduino/Raspberry Pi)"", ""level"": ""Beginner""}, {""name"": ""Python"", ""level"": ""Intermediate""}, {""name"": ""Behavioural Economics"", ""level"": ""Beginner""}, {""name"": ""Kinematics & Motion Planning"", ""level"": ""Beginner""}, {""name"": ""ROS (Robot Operating System)"", ""level"": ""Intermediate""}, {""name"": ""Control Systems"", ""level"": ""Advanced""}, {""name"": ""Computer Vision"", ""level"": ""Intermediate""}, {""name"": ""C/C++"", ""level"": ""Advanced""}, {""name"": ""MATLAB"", ""level"": ""Beginner""}, {""name"": ""C++"", ""level"": ""Intermediate""}, {""name"": ""Mechatronic System and Control"", ""level"": ""Beginner""}, {""name"": ""Machine Learning"", ""level"": ""Beginner""}]","coverage=80%, noise=2"
TEST_Robotics_Engineer_08,Robotics Engineer,"[{""name"": ""MATLAB"", ""level"": ""Beginner""}, {""name"": ""Java"", ""level"": ""Beginner""}, {""name"": ""Control Systems"", ""level"": ""Intermediate""}, {""name"": ""Kinematics & Motion Planning"", ""level"": ""Beginner""}, {""name"": ""Mechatronic System and Control"", ""level"": ""Intermediate""}, {""name"": ""Problem Solving"", ""level"": ""Beginner""}, {""name"": ""Introduction to Robotics"", ""level"": ""Intermediate""}, {""name"": ""Computer Vision"", ""level"": ""Beginner""}, {""name"": ""German"", ""level"": ""Beginner""}, {""name"": ""Python"", ""level"": ""Intermediate""}, {""name"": ""Embedded Systems (Arduino/Raspberry Pi)"", ""level"": ""Beginner""}]","coverage=68%, noise=1"
TEST_Robotics_Engineer_09,Robotics Engineer,"[{""name"": ""Machine Learning"", ""level"": ""Intermediate""}, {""name"": ""FPGA Programming"", ""level"": ""Beginner""}, {""name"": ""Poverty Analysis"", ""level"": ""Intermediate""}, {""name"": ""ROS (Robot Operating System)"", ""level"": ""Beginner""}, {""name"": ""Control Systems"", ""level"": ""Intermediate""}, {""name"": ""Mechatronic System and Control"", ""level"": ""Intermediate""}, {""name"": ""Real-Time Operating Systems (RTOS)"", ""level"": ""Intermediate""}, {""name"": ""MATLAB"", ""level"": ""Intermediate""}, {""name"": ""Problem Solving"", ""level"": ""Beginner""}, {""name"": ""IPFS / Decentralized Storage"", ""level"": ""Advanced""}, {""name"": ""Introduction to Robotics"", ""level"": ""Intermediate""}]","coverage=62%, noise=2"
